extraversion,agreeableness,conscientiousness,neuroticism,openness,emotional_loneliness,social_loneliness,loneliness,self_esteem,sats_w_life,boredom,pos_urg,neg_urg,persev,premed,sens_seek,impulsivity,facebook,instagram,youtube,whatsapp,twitter,tiktok,smartphone_SM_daily,desktop_SM_daily,online_community,sense_community_online,psych_sense_community,relaxation,entertainment,commercial,info_seeking,interacting,follows_friends,follows_family,follows_acquaintances,follows_humor,follows_news,follows_influencers,follows_business,follows_famous,follows_blogs,follows_commoninterest,follows_interestingthings,follows_other,SM_addiction,stalked,stalking_freq,howmany_stalked,gender_stalked,relationship_stalked,political_party,pol_engagement,feelings_dems,feelings_reps,con_ideas,lib_ideas,trust_govt,married_dem,married_rep,news_cons_freq,news_socialmedia,news_newspaper,news_searchengine,news_aggregator,news_cabletv,news_other,news_suspicion,shared_regretted,total_use,polarization,age,Sex
2.5,4.5,3.555555556,1.75,2.8,16,9,25,32,28,13,4,5,9,10,14,42,1,1,1,1,0,1,153,NA,1,40,59,13,18,3,11,10,2,2,2,2,2,2,2,3,2,2,3,1,17,0,NA,NA,NA,NA,1,3,90,75,20,42,3,5,4,3,3,4,4,2,2,3,10,3,153,15,33,Male
2,3.625,3.333333333,3.5,3.3,19,20,39,30,20,19,4,7,9,16,8,44,1,0,1,0,0,0,120,15,0,28,36,11,15,3,11,7,2,4,2,1,1,1,2,1,2,2,2,1,15,0,NA,NA,NA,NA,2,2,74,0,16,44,3,4,2,4,3,4,2,1,2,1,8,2,135,74,43,Female
3.25,4.5,3.444444444,3.75,1.3,19,8,27,32,17,26,8,11,17,15,10,61,1,0,0,0,0,0,230,290,0,9,17,17,17,3,12,15,2,4,3,1,2,1,1,1,2,4,4,1,29,1,5,3,2,1,7,2,9,88,40,33,2,4,5,5,4,1,1,1,4,1,13,4,520,79,73,Female
1.75,2.375,4,3.25,3.3,21,20,41,22,10,29,10,9,15,11,13,58,0,0,1,0,0,0,298,420,1,23,34,12,14,10,12,7,1,1,1,1,2,1,1,1,1,4,1,1,9,1,4,4,4,4,2,2,61,0,18,38,1,3,1,4,3,1,3,1,1,1,4,1,718,61,31,Female
1.625,3.25,3.444444444,3.5,2.6,7,25,32,21,5,8,NA,4,6,14,4,NA,0,0,1,0,0,0,30,30,0,25,36,3,3,3,3,3,1,1,1,1,1,1,1,1,1,1,1,1,7,0,NA,NA,NA,NA,1,3,95,0,21,44,1,3,3,5,1,1,1,NA,1,1,NA,1,60,95,67,Female
4.25,5,5,1,5,6,5,11,40,34,8,4,4,4,8,4,24,1,0,0,0,1,0,NA,NA,0,36,54,3,3,3,3,3,1,1,1,1,1,1,1,1,1,1,1,1,7,0,NA,NA,NA,NA,2,3,90,10,11,49,3,5,3,5,3,4,2,2,2,1,8,1,NA,80,77,Male
3.125,4.5,4.888888889,1.75,4.3,16,9,25,35,5,10,4,4,4,11,4,27,0,1,0,0,1,1,338,200,1,49,63,18,17,3,9,16,2,2,2,4,2,2,2,2,2,2,4,1,9,0,NA,NA,NA,NA,4,2,38,1,16,41,2,3,3,5,2,4,4,4,3,1,11,1,538,37,44,Male
2.125,4.625,3.333333333,4.375,4.2,28,23,51,10,5,31,6,10,14,14,7,51,1,1,1,0,1,1,210,60,0,10,35,13,18,3,13,7,3,3,2,2,2,2,2,2,1,2,2,1,20,0,NA,NA,NA,NA,1,5,41,0,12,46,2,3,3,4,4,1,3,1,3,1,20,5,270,41,32,Female
1.5,3.875,4.222222222,1.25,3.1,8,7,15,21,13,17,4,4,4,8,4,24,1,1,1,0,0,0,NA,NA,1,26,34,11,12,3,8,5,2,2,2,2,2,1,2,1,2,2,2,2,11,0,NA,NA,NA,NA,9,2,10,65,39,30,2,3,3,4,4,2,2,1,1,1,17,5,NA,55,63,Female
2.75,4,3.777777778,2,3.8,25,18,43,28,10,16,4,4,4,4,4,20,1,0,0,0,0,0,NA,15,0,26,45,3,7,3,3,5,1,1,1,1,1,1,1,1,1,1,1,1,7,0,NA,NA,NA,NA,2,2,95,9,15,47,4,5,2,4,2,2,3,1,1,4,4,1,15,86,69,Female
3,4.375,4.111111111,3.125,3.6,10,11,21,34,23,13,4,4,4,8,7,27,1,0,1,0,1,0,0,105,0,40,51,3,11,3,14,15,3,2,3,2,2,2,3,2,2,3,3,2,7,0,NA,NA,NA,NA,6,2,0,75,38,22,1,2,4,5,5,3,3,1,1,3,17,2,105,75,62,Male
3,3.375,2.666666667,3.625,4.4,29,25,54,24,15,27,8,8,18,16,11,61,1,0,1,0,1,0,NA,NA,0,24,29,18,15,3,18,13,1,1,2,3,2,1,4,1,4,4,4,4,7,1,3,3,2,1,1,2,91,10,25,40,3,5,3,2,2,3,4,2,4,1,13,3,NA,81,54,Female
2.25,4.125,3.666666667,2.5,4.2,22,17,39,39,20,16,8,9,11,16,13,57,1,0,1,0,0,0,58,30,1,42,53,18,18,7,12,11,3,3,2,2,3,1,2,2,1,3,2,1,15,0,NA,NA,NA,NA,3,2,52,0,19,41,3,3,2,5,3,3,3,1,1,4,7,4,88,52,41,Male
5,5,5,1,4.5,6,5,11,40,35,8,4,4,4,4,4,20,1,0,1,0,1,0,60,NA,1,49,63,18,18,3,16,18,4,3,2,2,2,1,2,3,1,2,2,1,9,0,NA,NA,NA,NA,1,4,100,0,10,50,3,5,3,5,5,1,5,1,5,1,4,1,60,100,33,Male
3.75,4.375,4.111111111,1.875,4.5,8,5,13,39,31,12,4,4,7,8,7,30,1,0,0,0,1,0,NA,NA,1,48,61,18,15,3,14,15,3,3,2,2,2,1,2,2,1,2,2,1,15,0,NA,NA,NA,NA,2,3,95,3,18,44,2,4,2,5,2,3,4,1,4,1,4,5,NA,92,67,Female
2.875,4.5,4,2.5,3.2,11,11,22,31,5,18,4,4,4,11,5,28,1,0,1,0,1,0,NA,45,0,23,31,15,15,3,8,9,2,1,3,3,3,1,1,2,1,2,3,1,7,0,NA,NA,NA,NA,5,2,0,73,26,36,2,3,3,5,4,1,4,4,1,1,18,2,45,73,64,Female
4.375,5,5,1.25,4.6,6,5,11,40,30,8,4,4,10,19,4,41,1,0,1,0,0,0,61,21,1,49,63,15,11,3,6,9,4,3,3,1,1,1,1,1,1,2,2,1,11,0,NA,NA,NA,NA,2,2,100,26,10,48,3,5,3,2,1,1,1,1,5,1,7,1,82,74,41,Female
1.75,4.125,4.222222222,2.25,3.4,10,6,16,33,26,12,4,4,5,10,7,30,1,0,1,0,0,0,NA,240,1,42,55,7,15,3,8,6,2,4,2,1,1,1,1,1,2,3,1,1,15,1,2,3,2,1,5,2,23,68,30,26,2,3,4,4,3,1,3,1,4,1,11,1,240,45,63,Female
3,3.5,3.666666667,2.375,3.3,17,14,31,29,18,18,4,4,10,12,10,40,1,1,0,0,0,0,72,60,1,29,40,10,12,3,6,6,3,3,2,2,1,1,2,2,2,2,1,1,13,0,NA,NA,NA,NA,4,2,52,48,27,32,2,3,3,3,2,4,3,1,1,1,12,2,132,4,30,Male
2.875,3,2.111111111,3.75,3.6,15,10,25,26,17,11,8,8,10,8,11,45,1,1,1,0,1,0,NA,NA,1,34,50,17,18,3,15,16,2,2,2,3,3,2,2,1,2,4,2,NA,14,1,2,4,1,4,5,1,19,30,25,30,2,3,3,4,4,3,3,2,2,1,11,2,NA,11,38,Male
2.75,3.875,4.222222222,3,3.9,15,9,24,32,32,12,7,5,10,8,9,39,1,1,1,0,0,0,95,145,1,40,57,17,15,3,16,16,3,2,2,3,3,2,3,4,4,4,4,1,21,0,NA,NA,NA,NA,2,4,90,0,15,42,2,5,1,4,2,3,4,3,2,4,15,2,240,90,44,Female
2.5,3.75,2.888888889,3.125,3.5,22,14,36,25,12,26,13,14,12,15,13,67,0,0,1,0,0,0,60,60,0,26,35,13,10,7,11,7,2,2,2,2,2,2,1,2,2,2,2,1,14,1,3,3,1,4,8,1,50,50,27,32,3,3,3,3,3,2,4,2,4,1,12,4,120,0,28,Male
4.375,4.875,3.222222222,3.5,4.4,17,5,22,34,30,16,4,4,15,5,7,35,1,1,1,0,1,1,297,104,0,35,43,15,15,15,10,14,4,4,2,2,3,1,2,2,2,1,1,1,14,0,NA,NA,NA,NA,1,5,8,0,11,46,2,4,1,5,5,1,3,1,1,1,9,4,401,8,23,Female
1.625,2.5,2.111111111,4.25,4.1,22,22,44,24,11,25,4,6,19,20,6,55,0,0,1,0,0,0,NA,90,1,24,46,13,15,3,9,8,1,1,1,2,1,1,1,1,1,2,2,1,8,1,3,2,1,4,5,2,1,2,25,33,2,3,3,4,5,1,1,1,1,1,17,1,90,1,29,Male
4,4.125,4.555555556,2.25,3.5,15,10,25,40,27,15,4,4,7,7,4,26,1,0,1,0,0,0,NA,NA,1,44,63,11,15,6,10,11,2,3,2,2,2,1,2,1,1,3,3,1,12,1,1,2,4,1,6,3,59,14,25,31,3,3,3,5,2,2,4,5,4,1,12,4,NA,45,44,Female
3.625,4.125,4,1.375,3.4,12,9,21,33,19,15,4,4,4,9,8,29,1,0,1,0,1,0,10,60,0,28,36,3,14,6,10,9,2,2,2,2,3,1,2,2,2,2,2,1,7,1,3,4,4,1,6,2,5,92,34,32,3,2,4,5,3,4,4,4,4,4,13,1,70,87,67,Male
3.625,4.25,3.888888889,2.875,3.2,22,19,41,19,7,23,4,13,11,11,15,54,1,1,0,0,0,0,NA,NA,0,30,43,18,17,3,3,8,2,2,2,1,2,1,1,1,1,1,2,2,13,1,4,4,2,3,6,3,4,100,39,24,2,2,5,3,3,1,2,1,2,1,17,5,NA,96,38,Male
2.625,4.25,4,2.375,3.8,14,8,22,35,26,16,7,6,9,9,9,40,1,0,1,1,1,0,75,NA,1,39,53,10,15,3,7,11,4,3,2,2,2,1,2,2,1,2,2,2,11,0,NA,NA,NA,NA,2,0,72,14,19,42,4,5,3,5,3,5,3,3,2,4,7,2,75,58,63,Female
3.875,3.625,4,2.375,3.8,9,8,17,35,20,17,6,6,8,7,4,31,1,1,1,0,0,0,120,180,1,35,50,3,12,13,15,14,4,3,2,2,2,2,2,1,2,3,3,2,14,0,NA,NA,NA,NA,8,1,0,0,22,24,2,3,3,3,4,4,1,1,1,3,16,5,300,0,59,Female
3.875,3.5,3.222222222,3.375,4.3,22,13,35,29,21,23,9,10,15,12,10,56,1,1,1,1,0,0,225,150,1,30,38,15,12,6,14,10,4,2,3,2,3,1,3,2,2,3,3,NA,26,1,1,1,1,1,2,5,70,0,17,46,3,3,3,5,3,5,2,2,2,NA,10,4,375,70,23,Male
3,2.125,4,2,3.4,6,5,11,31,30,17,4,7,10,17,7,45,1,1,1,0,1,0,32,20,1,37,54,15,15,3,13,15,2,3,2,1,1,1,1,2,2,1,1,1,14,1,3,4,1,1,3,5,64,11,14,44,2,3,3,4,2,1,4,1,3,1,10,4,52,53,33,Male
2.625,4.375,3.333333333,2.875,3.7,26,9,35,28,28,31,15,15,16,11,12,69,1,1,1,1,1,1,168,15,1,38,45,13,14,3,14,13,4,2,2,3,3,1,3,3,3,3,2,1,27,0,NA,NA,NA,NA,6,3,75,0,36,42,3,3,3,5,3,5,3,3,4,1,15,2,183,75,30,Male
2.625,4,3.888888889,3,3.7,13,12,25,29,10,17,8,8,8,8,9,41,1,1,1,0,1,0,140,10,1,42,54,14,15,3,9,13,2,1,2,2,1,1,3,2,3,2,2,NA,13,0,NA,NA,NA,NA,2,1,80,14,17,47,3,5,2,5,2,1,3,1,5,NA,7,5,150,66,52,Female
1.5,3.875,3.222222222,4,2.6,21,21,42,27,19,28,7,7,12,12,13,51,0,1,1,0,1,1,NA,120,1,35,42,11,13,5,11,11,1,1,1,1,1,1,1,3,1,2,2,1,16,0,NA,NA,NA,NA,2,2,90,8,23,37,3,3,3,5,4,2,2,2,2,1,8,2,120,82,40,Male
1.875,3.875,3.222222222,2.875,3.5,7,25,32,31,15,25,7,6,8,9,11,41,0,0,1,0,0,0,120,0,0,18,40,17,18,3,12,6,1,1,1,1,1,1,1,1,1,2,2,1,12,0,NA,NA,NA,NA,2,2,90,10,28,37,4,5,2,5,1,1,4,1,5,1,7,1,120,80,67,Female
3.75,1.75,3.222222222,2.625,4.8,22,22,44,19,10,30,4,4,9,13,9,39,0,0,1,0,0,0,NA,NA,0,7,9,3,3,3,3,3,2,2,1,1,1,1,2,1,2,1,1,1,7,0,NA,NA,NA,NA,8,2,0,0,26,23,3,3,3,3,1,1,5,1,5,1,12,4,NA,0,44,Female
3,4.875,5,1.875,3.2,7,10,17,35,19,11,4,4,5,9,4,26,1,0,0,0,0,0,NA,NA,0,25,33,3,7,3,3,3,2,2,2,1,1,1,1,1,1,1,1,1,7,0,NA,NA,NA,NA,4,0,51,51,28,32,2,3,3,3,2,2,2,1,1,1,11,1,NA,0,67,Female
1.25,2.125,4,3.25,1.7,11,13,24,29,26,12,4,4,4,20,4,36,1,0,1,0,0,0,45,720,1,49,63,12,12,3,9,12,3,4,2,2,1,1,1,1,1,1,1,1,13,1,1,1,2,4,2,0,100,0,23,42,2,5,3,5,1,2,3,1,5,4,4,2,765,100,66,Male
3.375,4.5,3.333333333,2.75,4.2,28,14,42,33,35,24,4,8,13,9,9,43,1,1,1,1,0,1,420,60,0,25,36,14,14,3,13,10,3,3,2,1,3,1,1,1,1,2,3,3,19,1,3,4,2,"2,3,5",2,4,100,0,23,39,2,5,1,5,5,1,2,1,1,1,9,2,480,100,21,Female
2.875,3.75,3.333333333,3.5,3,20,13,33,26,12,29,4,4,18,18,4,48,1,1,0,1,1,1,397,NA,0,23,49,18,14,3,14,7,3,3,3,3,3,2,3,2,2,3,3,2,20,1,4,4,2,"1,2",2,0,67,0,15,43,2,3,2,5,4,1,4,3,2,1,9,2,397,67,33,Female
3.625,4.375,3.222222222,2.375,4.3,13,21,34,29,22,8,4,4,4,10,19,41,1,0,1,1,0,0,NA,NA,0,18,33,11,9,3,3,4,2,1,2,3,1,1,1,1,1,1,2,1,8,0,NA,NA,NA,NA,6,1,34,77,28,26,3,3,3,4,1,3,4,1,1,1,13,2,NA,43,42,Male
3.875,4.625,4.444444444,1,4.1,6,5,11,40,26,11,4,4,6,11,13,38,1,0,1,0,1,0,45,NA,1,49,63,14,15,3,14,15,3,4,2,2,2,1,2,1,2,2,2,2,11,0,NA,NA,NA,NA,1,4,90,0,13,44,2,5,5,5,3,1,3,1,3,5,9,2,45,90,42,Male
2.25,4.125,4,3,3.8,13,6,19,34,30,13,4,4,5,7,6,26,1,0,0,0,0,0,NA,NA,0,20,28,4,10,3,8,7,2,3,1,3,1,1,2,1,1,2,1,1,10,0,NA,NA,NA,NA,1,2,85,0,13,43,4,4,2,5,1,5,2,2,1,1,4,1,NA,85,47,Female
2.25,3.375,3.222222222,4,3.3,24,16,40,26,5,28,9,10,18,20,8,65,1,0,0,0,0,0,148,10,1,33,47,18,15,5,14,13,3,3,3,3,2,1,2,1,2,3,2,2,30,1,4,3,2,2,3,2,38,10,23,35,2,4,2,3,4,3,3,3,1,3,13,5,158,28,42,Female
3.25,3.5,3.666666667,2.625,3.6,18,15,33,25,20,24,12,13,12,12,12,61,1,0,0,1,0,0,NA,NA,1,29,37,12,12,11,12,12,4,3,2,2,2,3,3,3,3,3,3,NA,21,0,NA,NA,NA,NA,4,5,100,50,30,30,3,3,3,4,4,4,4,4,4,NA,12,1,NA,50,41,Female
2,4,1.555555556,3.375,3.8,17,6,23,24,17,35,6,11,14,13,13,57,1,0,1,1,1,1,20,240,1,43,59,13,18,5,6,12,4,2,2,3,1,1,2,2,1,3,3,NA,13,1,3,2,2,1,2,3,30,20,21,33,1,3,3,4,3,3,3,4,2,1,15,4,260,10,27,Male
3.125,4,3.333333333,2.75,3.2,23,8,31,27,16,19,8,8,8,16,10,50,1,0,0,0,0,0,NA,NA,0,24,44,6,13,3,4,8,2,2,2,1,1,1,1,1,1,3,2,1,7,0,NA,NA,NA,NA,2,2,85,10,20,40,3,4,2,5,1,5,3,3,1,1,7,1,NA,75,71,Male
4.125,3.75,2.222222222,2.5,3.9,22,25,47,26,11,17,4,5,11,19,5,44,0,0,1,0,1,0,45,30,1,39,57,9,14,4,6,15,3,1,4,2,2,1,2,2,2,4,3,2,12,0,NA,NA,NA,NA,1,4,90,0,14,48,3,3,2,5,3,4,3,1,4,1,5,4,75,90,50,Female
1.875,4.75,3,4.375,3.8,28,15,43,10,5,31,4,4,18,20,4,50,1,1,1,1,0,1,140,60,1,33,53,18,18,3,8,6,4,2,3,2,1,3,2,2,1,1,1,1,16,1,3,2,2,1,1,4,90,0,14,47,1,5,3,4,3,4,2,1,1,1,5,1,200,90,22,Female
3.125,4.125,3.666666667,1.875,3.6,9,9,18,34,28,11,4,4,4,8,4,24,0,0,1,0,0,0,0,10,0,24,36,3,3,3,4,3,1,1,1,1,1,1,1,1,1,1,1,1,7,1,1,1,1,4,3,2,67,8,21,42,2,3,3,5,1,1,2,4,1,4,4,1,10,59,64,Female
1.375,4,2.888888889,4,2.8,19,15,34,20,11,31,8,8,14,8,11,49,0,0,1,0,1,0,NA,NA,0,16,29,15,15,3,11,11,2,1,2,4,2,1,1,1,1,2,2,1,16,1,3,4,2,4,2,2,22,13,12,47,2,3,3,5,3,3,2,2,2,1,12,4,NA,9,35,Male
2.25,2.625,3.555555556,3.375,3.5,19,14,33,29,30,26,12,11,12,11,11,57,1,0,1,0,0,0,15,15,0,14,18,6,6,4,6,5,2,2,1,1,1,1,1,1,1,1,1,NA,14,0,NA,NA,NA,NA,6,2,25,81,38,26,3,2,4,2,2,4,3,2,2,NA,13,4,30,56,70,Male
4.5,4.125,4.222222222,1.875,4,10,8,18,34,30,16,12,12,16,13,18,71,1,1,1,1,1,0,94,49,0,40,53,15,14,10,14,14,3,2,2,3,2,2,2,3,2,2,2,1,23,1,4,4,2,"1,2",2,5,85,15,19,42,4,5,1,4,4,3,5,3,3,2,12,5,143,70,42,Male
1.625,3.75,4.666666667,3.5,4.2,20,15,35,27,7,16,4,5,8,9,7,33,0,0,1,0,0,0,30,NA,0,16,18,6,12,3,9,3,1,1,1,1,2,NA,1,1,2,2,2,1,15,0,NA,NA,NA,NA,2,2,68,20,15,45,3,5,3,3,1,3,4,3,1,1,8,1,30,48,43,Female
3,4,2.666666667,3,3.6,15,11,26,32,23,20,6,8,10,15,8,47,1,1,1,0,1,0,120,90,1,40,52,11,15,6,7,12,4,4,3,3,3,1,2,2,2,2,2,1,14,0,NA,NA,NA,NA,2,4,81,0,12,48,3,5,2,5,2,5,3,3,2,4,8,2,210,81,62,Male
3.75,4.125,4.222222222,2.25,4.3,21,9,30,32,25,15,7,7,9,12,9,44,1,0,1,0,0,0,NA,NA,1,39,52,11,12,3,12,13,2,2,2,2,2,1,1,1,1,2,2,1,13,0,NA,NA,NA,NA,4,2,73,15,22,38,3,4,3,5,2,3,2,2,4,3,6,2,NA,58,68,Male
1.375,4.75,3.888888889,1.25,4,18,9,27,23,19,26,4,4,4,8,4,24,1,0,1,0,0,0,NA,240,0,27,58,3,18,3,12,8,4,4,4,4,4,1,1,1,2,2,4,1,7,1,4,4,2,2,6,2,0,80,39,25,2,3,4,4,4,1,2,1,3,1,16,1,240,80,74,Male
3.875,3.5,4,1.625,2.9,12,15,27,40,34,10,4,4,4,4,4,20,1,0,1,0,0,0,136,220,0,23,23,3,5,7,5,10,2,2,1,1,1,1,1,2,1,3,1,1,7,0,NA,NA,NA,NA,7,4,0,0,44,25,1,2,3,2,1,2,4,1,1,1,18,4,356,0,50,Female
2.625,3.125,2.888888889,2.5,3.8,19,18,37,30,26,19,4,4,4,16,7,35,1,0,1,0,1,0,NA,60,0,28,44,5,11,3,12,9,2,2,2,3,2,1,2,1,1,2,2,2,11,0,NA,NA,NA,NA,2,2,75,0,16,42,4,4,3,5,3,2,2,2,2,5,7,2,60,75,71,Male
3.375,3,3.888888889,3.875,3.9,29,23,52,26,11,28,8,8,8,9,12,45,1,1,1,0,0,1,90,10,0,37,55,15,15,10,12,12,2,2,1,2,2,1,2,1,1,1,2,1,14,0,NA,NA,NA,NA,4,2,50,50,29,36,3,3,3,5,2,2,4,3,2,1,8,3,100,0,43,Female
3.5,4.375,4.111111111,2.5,3.5,12,6,18,36,28,16,4,4,5,12,4,29,0,0,1,0,0,0,NA,NA,0,26,36,7,9,7,12,7,2,2,2,1,2,1,2,1,1,1,1,1,9,1,1,2,2,4,6,2,39,42,31,29,3,3,3,5,2,2,3,1,3,4,13,2,NA,3,72,Male
3.125,3.25,2.888888889,3.125,4,19,19,38,29,13,13,10,11,8,9,9,47,0,0,1,0,1,0,135,390,0,32,52,11,15,12,15,13,2,2,4,4,2,1,2,1,2,2,2,2,11,0,NA,NA,NA,NA,4,2,20,12,15,45,1,3,3,5,3,3,3,1,2,3,7,2,525,8,55,Female
3.375,3.5,2.888888889,4,2.9,21,13,34,30,11,20,5,6,8,8,5,32,1,0,1,0,0,0,5,0,1,37,46,3,4,3,8,10,3,2,2,1,1,1,1,1,1,2,1,1,8,0,NA,NA,NA,NA,3,2,44,22,18,40,2,3,3,3,2,2,4,1,2,3,7,1,5,22,67,Female
2,2.875,4.222222222,2.125,3,18,23,41,27,8,17,4,4,4,4,4,20,1,0,1,0,0,0,10,90,0,15,27,3,3,3,7,3,1,2,1,1,1,1,1,1,1,1,1,1,7,0,NA,NA,NA,NA,2,3,40,0,19,36,2,3,1,4,2,3,2,4,2,1,7,2,100,40,44,Male
2.375,3.5,4.444444444,2,3.1,19,21,40,36,25,15,4,4,4,5,9,26,1,0,1,0,0,0,102,90,0,22,39,12,10,3,12,5,1,2,1,1,1,1,2,1,2,1,2,1,8,0,NA,NA,NA,NA,5,2,39,37,28,37,2,3,3,4,1,1,1,1,5,5,18,1,192,2,72,Male
3.25,3.5,3.444444444,2.375,3.4,10,8,18,29,24,17,4,8,12,8,6,38,1,0,0,0,0,0,NA,NA,1,47,61,12,15,3,12,16,3,2,2,2,1,1,1,1,1,3,2,1,10,0,NA,NA,NA,NA,3,3,70,10,31,35,3,3,2,5,2,3,2,1,5,1,10,4,NA,60,72,Male
3.125,4.375,4.444444444,2.375,3.8,16,9,25,32,22,26,10,6,7,6,8,37,1,0,1,0,0,0,349,201,1,44,58,14,14,7,12,11,2,3,2,4,1,2,2,2,1,2,2,1,23,0,NA,NA,NA,NA,4,3,35,24,20,32,2,3,2,2,3,1,2,1,3,1,13,3,550,11,24,Female
2.625,4.375,3.444444444,2.5,3.4,12,10,22,34,28,20,13,11,9,14,10,57,1,0,1,0,0,1,15,45,1,35,52,16,15,7,10,14,4,2,4,3,3,1,2,1,1,4,3,1,22,1,4,4,2,1,6,4,6,86,33,31,2,3,3,5,4,3,4,3,5,2,16,4,60,80,59,Male
4.25,4.875,5,1.25,4.2,7,5,12,36,32,9,4,5,4,5,9,27,1,1,0,1,0,0,110,30,1,48,62,14,15,9,14,18,4,4,4,3,4,3,3,3,2,4,4,1,21,0,NA,NA,NA,NA,6,3,60,91,24,37,5,2,4,5,4,5,5,1,3,1,7,1,140,31,67,Male
2.75,3.375,3,3.375,3.6,20,17,37,19,18,18,6,6,6,17,4,39,0,0,1,0,0,0,30,10,1,41,45,7,12,4,3,5,1,1,1,1,1,1,1,1,3,1,1,1,7,0,NA,NA,NA,NA,2,0,90,0,19,38,5,3,2,2,1,3,1,1,1,NA,4,1,40,90,34,Male
2.25,4.125,3.888888889,2.125,3.3,10,11,21,29,23,18,8,8,8,11,12,47,1,1,1,0,0,0,30,NA,1,40,52,5,7,3,4,8,3,2,2,1,1,1,1,1,1,1,1,1,9,0,NA,NA,NA,NA,5,2,29,51,30,31,3,3,3,3,2,2,2,3,4,1,11,2,30,22,49,Female
3.5,4,3.111111111,3.125,4,19,15,34,30,25,15,4,4,5,9,6,28,1,1,1,1,0,0,75,140,1,42,54,8,12,5,11,10,4,3,3,2,2,1,2,2,1,2,1,2,10,1,2,3,2,"1,5",4,0,71,30,20,44,3,3,3,3,3,4,4,1,1,1,13,1,215,41,35,Female
3.375,4.25,4.444444444,1.5,3.8,9,6,15,34,29,13,4,4,6,8,8,30,1,1,1,0,1,0,90,120,1,42,50,11,15,6,15,17,3,2,3,3,4,2,3,2,2,4,3,2,12,0,NA,NA,NA,NA,3,3,60,40,26,32,4,5,5,5,4,2,4,2,4,3,17,1,210,20,51,Female
3.75,3.875,3.666666667,1.875,3.7,6,7,13,40,33,11,4,4,5,10,4,27,0,0,0,0,0,0,NA,NA,0,7,9,3,3,3,3,3,1,1,1,1,1,1,1,1,1,1,1,1,7,0,NA,NA,NA,NA,4,2,34,0,18,41,3,3,3,4,1,4,4,1,4,1,5,1,NA,34,53,Male
4.75,5,5,1.375,3.9,22,12,34,31,28,9,11,8,19,10,8,56,1,1,1,1,0,0,45,NA,0,48,63,17,17,3,18,13,4,2,3,4,2,3,2,3,3,2,2,1,30,1,4,3,2,3,1,3,100,0,10,50,3,3,3,5,4,4,4,5,5,1,8,1,45,100,23,Female
2.75,4.375,4.444444444,1.5,4.5,24,20,44,34,19,21,4,8,5,5,13,35,1,0,0,0,0,0,45,30,0,19,20,3,11,3,8,8,2,2,2,2,1,1,1,1,1,2,2,1,8,0,NA,NA,NA,NA,4,2,30,19,26,35,1,3,3,3,2,2,4,1,3,5,14,5,75,11,51,Male
3.625,3.625,3.333333333,2.5,3.8,19,15,34,29,24,21,14,13,14,10,13,64,0,0,1,0,0,0,0,300,0,32,51,15,16,12,15,15,2,2,2,2,1,1,1,2,2,3,2,1,25,1,2,2,1,5,9,1,0,61,39,19,3,3,3,5,4,3,3,5,1,1,16,2,300,61,35,Male
2.375,3.5,3.222222222,2.625,4,17,10,27,29,30,14,5,5,11,8,12,41,0,1,1,0,0,0,60,NA,0,25,36,11,12,3,9,9,4,2,2,2,2,2,2,2,2,1,2,1,15,1,3,2,2,3,3,2,65,25,16,40,2,3,3,4,3,4,3,4,2,1,7,4,60,40,29,Male
3,3.625,3.888888889,2.125,2.8,11,16,27,27,18,16,4,5,4,8,4,25,0,0,1,0,0,0,NA,NA,0,23,36,3,3,3,3,3,1,1,1,1,1,1,1,1,1,1,1,1,7,0,NA,NA,NA,NA,2,1,64,34,31,29,3,3,3,1,1,1,1,1,1,3,6,3,NA,30,42,Female
4,4.75,4.888888889,1.375,4.4,6,6,12,40,29,10,4,4,5,7,6,26,1,1,1,0,1,0,60,15,1,46,57,14,15,3,15,12,2,2,2,2,1,1,2,1,2,2,2,1,9,0,NA,NA,NA,NA,2,3,90,1,20,44,3,5,3,5,3,4,4,1,4,1,9,1,75,89,66,Female
4.375,4.375,3.555555556,1.375,4.9,19,17,36,39,21,14,4,4,4,19,4,35,1,0,1,0,1,0,480,15,1,43,59,6,18,6,11,16,3,2,3,2,2,1,3,2,2,3,2,NA,7,0,NA,NA,NA,NA,1,3,80,0,12,46,2,3,1,5,4,3,2,1,1,1,5,3,495,80,67,Female
3.5,3.625,3.555555556,2.625,3.9,18,16,34,25,8,24,4,5,11,12,6,38,1,1,1,0,1,0,120,240,1,33,51,14,17,7,15,14,2,2,2,2,2,1,2,2,2,2,2,1,14,0,NA,NA,NA,NA,1,3,81,0,15,46,3,5,2,5,3,4,2,3,1,1,8,4,360,81,55,Male
4,4.125,3.444444444,1.875,3.2,22,9,31,31,23,14,8,7,8,9,9,41,1,0,1,0,0,0,NA,NA,0,27,34,15,15,3,12,10,2,2,2,2,1,1,2,2,1,2,2,1,14,0,NA,NA,NA,NA,6,2,0,100,40,31,3,3,5,4,2,2,2,1,1,4,15,2,NA,100,69,Male
4,3.5,4.444444444,2.625,3.7,13,10,23,32,28,15,4,4,4,6,4,22,1,0,0,0,0,0,45,0,0,22,40,6,9,3,5,6,4,3,2,2,1,1,2,2,1,2,1,NA,9,0,NA,NA,NA,NA,4,2,60,40,22,38,2,5,5,2,2,4,4,1,1,NA,12,3,45,20,36,Female
2.75,4.75,3.666666667,1.75,4.1,21,12,33,30,10,17,4,4,4,10,4,26,0,0,1,0,1,0,60,30,1,38,53,3,15,3,12,9,1,1,1,1,1,1,1,2,2,2,2,2,7,0,NA,NA,NA,NA,6,2,1,85,32,29,2,2,4,4,3,2,3,1,1,1,17,2,90,84,52,Female
3.125,4.875,3.888888889,1,3.4,15,15,30,36,5,10,4,4,4,5,4,21,0,0,1,0,0,0,NA,NA,0,7,9,3,3,3,3,3,1,1,1,1,1,1,1,1,1,1,1,1,7,0,NA,NA,NA,NA,3,0,80,0,17,45,3,4,2,5,1,3,1,1,5,1,10,1,NA,80,78,Female
3.25,4.125,3.777777778,2.875,4.2,8,5,13,34,19,16,4,6,11,11,7,39,1,1,1,1,1,0,450,30,1,34,42,15,15,10,11,10,3,3,3,2,2,1,2,2,1,3,3,1,26,0,NA,NA,NA,NA,2,5,80,24,24,35,3,4,2,2,4,2,3,1,2,1,13,5,480,56,33,Female
3.125,4.125,4.777777778,2.125,3.7,12,13,25,35,29,13,4,4,4,8,4,24,0,0,0,0,0,0,NA,0,0,7,9,3,3,3,3,3,1,1,1,1,1,1,1,1,1,1,1,1,7,0,NA,NA,NA,NA,9,1,51,51,37,33,1,3,3,2,1,1,1,1,1,3,17,1,NA,0,59,Male
2.75,3.75,2.555555556,3.25,3.4,29,8,37,16,8,34,6,15,7,12,18,58,0,0,1,0,1,0,30,960,1,47,61,18,17,9,16,17,4,1,1,4,2,1,1,2,1,3,3,4,20,1,2,3,1,3,1,4,90,0,10,50,4,5,2,4,4,4,5,1,1,1,6,4,990,90,25,Male
2.5,4.25,3,4.375,4.1,28,18,46,22,10,20,8,8,8,14,6,44,1,1,0,0,1,0,NA,180,1,37,49,9,3,3,3,14,3,3,2,1,2,1,1,1,1,2,2,1,9,0,NA,NA,NA,NA,1,4,81,0,12,46,3,5,2,5,2,4,1,1,4,1,5,2,180,81,62,Female
3.75,4.75,4.555555556,1,4.7,14,8,22,36,23,8,4,4,4,13,8,33,0,1,1,1,1,0,0,20,0,31,33,3,3,3,3,3,2,2,2,1,1,1,2,1,2,2,2,1,10,1,2,2,3,4,2,4,60,30,17,43,2,3,3,5,1,4,3,4,1,1,13,4,20,30,73,Male
2.75,3.75,3.777777778,2.75,3.5,14,11,25,24,14,23,8,8,8,10,13,47,1,1,1,0,1,0,NA,NA,0,30,36,10,10,9,9,9,2,2,2,2,2,2,2,2,2,2,2,2,18,0,NA,NA,NA,NA,2,4,21,21,29,40,1,2,2,2,3,3,3,3,3,3,20,3,NA,0,28,Male
1.5,3.5,4.555555556,2,3.9,8,10,18,40,29,9,4,4,5,12,4,29,1,1,1,0,1,0,203,35,1,31,43,7,15,3,10,5,3,2,2,2,2,2,2,1,1,3,2,1,12,0,NA,NA,NA,NA,6,3,0,80,38,24,3,3,4,3,3,4,2,1,3,1,15,1,238,80,32,Male
3,2.375,2.666666667,4.375,3,20,24,44,14,13,21,4,4,14,7,6,35,0,0,1,0,1,0,NA,NA,0,7,9,3,11,3,17,3,1,1,1,1,3,1,3,1,3,1,1,1,7,0,NA,NA,NA,NA,1,3,20,0,14,48,3,3,3,5,2,4,5,4,1,3,12,2,NA,20,40,Male
1.875,4.625,3.111111111,3.875,3.8,20,11,31,26,22,17,5,8,17,17,6,53,1,0,1,0,0,0,60,60,0,21,32,15,18,3,13,7,3,3,2,2,2,1,1,1,1,2,2,2,17,1,2,2,2,"1,5",1,4,75,4,16,44,3,4,2,4,2,4,4,1,2,5,10,4,120,71,24,Female
3.625,4.625,4.555555556,3.625,4.6,22,7,29,21,25,29,18,19,12,7,19,75,1,0,1,0,1,0,120,300,1,45,62,18,18,10,17,16,4,2,3,3,2,2,2,2,2,3,3,1,26,1,4,3,4,"3,4",1,5,90,20,19,48,3,4,2,4,4,3,3,1,3,3,12,5,420,70,25,Female
2.625,3.75,3.888888889,1.75,4.4,8,21,29,38,12,10,4,4,5,5,5,23,0,0,0,0,0,0,0,0,0,25,39,3,3,3,3,3,1,1,1,1,1,1,1,1,1,1,1,1,7,0,NA,NA,NA,NA,1,2,51,0,16,42,2,3,3,5,1,2,3,3,1,5,10,1,NA,51,64,Female
2.75,3.75,3.777777778,3,2.9,18,14,32,27,18,26,12,11,9,12,10,54,1,1,1,0,1,1,332,NA,0,23,26,14,13,5,13,13,2,4,1,3,3,3,3,3,3,3,3,4,25,1,2,2,1,4,6,3,0,100,40,35,2,3,5,4,4,2,4,3,4,3,13,5,332,100,20,Male
1.875,4,4.222222222,3,2.9,7,10,17,31,20,10,4,4,4,6,4,22,1,0,1,0,0,0,NA,NA,1,32,53,3,15,3,9,9,2,2,2,1,1,1,2,1,2,2,2,1,9,0,NA,NA,NA,NA,6,2,0,25,45,16,2,3,3,4,1,5,3,3,1,1,16,1,NA,25,62,Male
2,3.75,3.666666667,4.125,3.9,15,24,39,22,6,21,11,11,14,16,11,63,1,0,0,0,0,0,NA,NA,0,26,33,13,8,5,14,12,1,1,1,1,1,1,2,1,2,1,1,1,13,1,1,1,4,4,4,2,0,50,33,23,1,3,3,4,1,1,2,1,1,1,12,2,NA,50,43,Female
3.5,4.375,4.222222222,3.5,4.3,26,24,50,18,5,25,8,13,10,9,11,51,1,1,1,1,0,0,56,630,1,34,50,18,16,3,14,11,3,4,2,3,2,2,2,3,2,2,3,1,23,1,3,4,2,4,4,3,10,89,20,42,1,3,3,4,2,4,3,3,3,1,16,5,686,79,55,Female
3.5,3.625,2.444444444,4.25,3.7,24,11,35,18,8,36,11,16,16,16,5,64,0,1,0,0,1,1,71,20,1,47,62,11,17,4,8,13,2,1,3,2,2,1,1,2,2,3,2,1,24,1,2,3,4,1,1,4,9,0,14,39,1,3,2,4,4,2,3,1,2,1,16,3,91,9,23,Female
3.125,4,3.888888889,2,3.7,18,9,27,38,25,25,9,10,15,10,14,58,1,0,1,0,0,0,25,10,1,40,63,9,9,3,6,8,2,4,2,1,1,1,1,1,1,2,2,1,11,1,2,4,1,"1,2",6,2,5,70,38,26,1,3,3,3,1,3,3,4,2,3,16,4,35,65,61,Male
3.875,3.125,4.111111111,2.875,4.3,27,14,41,27,16,15,4,4,4,4,5,21,1,1,1,1,1,0,105,45,1,35,44,14,15,6,11,11,3,3,2,3,3,2,2,3,2,3,3,4,14,0,NA,NA,NA,NA,1,3,100,0,21,41,2,5,2,5,4,1,3,1,4,5,14,5,150,100,54,Female
3,4.125,3.444444444,2.625,3.2,20,12,32,30,26,16,7,9,10,10,10,46,1,1,1,1,0,0,95,20,1,41,56,15,12,3,10,12,3,3,2,2,2,1,2,1,2,2,2,1,17,0,NA,NA,NA,NA,7,3,9,85,39,21,2,3,4,4,3,3,3,3,1,1,16,5,115,76,49,Female
2.875,4,4.111111111,2.25,3.7,6,9,15,38,28,15,5,7,6,7,11,36,1,0,1,0,0,0,NA,NA,1,36,50,12,13,8,12,12,2,4,3,2,2,2,2,2,2,2,2,1,13,1,3,2,2,1,5,2,55,60,27,35,3,3,3,4,3,1,5,1,1,1,11,1,NA,5,50,Male
2.25,3,4,3.625,3.4,19,21,40,23,16,23,7,6,7,12,15,47,1,0,0,0,1,0,5,15,1,37,51,8,10,3,3,10,3,2,2,1,1,1,1,2,1,1,1,1,12,0,NA,NA,NA,NA,4,2,51,49,36,26,2,4,4,3,1,3,4,1,4,1,13,2,20,2,45,Male
2.125,3.625,2.777777778,3.875,3.3,25,17,42,21,13,40,16,13,20,20,9,78,0,0,1,0,0,0,60,180,0,33,52,18,15,3,12,3,3,3,1,2,1,1,1,1,1,2,2,1,18,0,NA,NA,NA,NA,2,2,77,6,14,49,2,4,2,3,4,1,3,1,1,1,15,1,240,71,20,Male
2.625,3.625,3.666666667,4,3.3,29,12,41,18,19,36,8,10,8,11,12,49,1,0,0,0,0,1,450,NA,0,26,50,14,18,3,9,12,4,4,4,3,2,1,1,2,1,2,2,1,22,0,NA,NA,NA,NA,6,3,0,100,35,40,2,2,5,2,5,1,2,1,1,1,14,3,450,100,37,Male
2.125,4.625,4.222222222,3.125,3.5,13,15,28,37,29,29,4,5,16,7,14,46,1,0,1,0,0,1,150,NA,0,25,36,16,14,3,3,7,3,4,2,2,1,1,1,2,1,1,2,1,14,1,3,3,1,3,7,1,0,100,40,24,2,3,4,2,2,1,3,1,1,1,12,3,150,100,NA,Female
1.875,3.625,3.111111111,3.625,2.8,23,12,35,31,15,27,4,4,8,8,4,28,1,0,0,0,0,0,NA,NA,0,31,43,3,15,3,3,3,4,4,1,1,1,1,1,1,1,1,2,1,8,0,NA,NA,NA,NA,6,2,100,0,24,46,3,3,3,5,1,1,3,1,1,1,14,1,NA,100,56,Female
2.25,2.375,4.444444444,3.625,3.9,26,23,49,21,11,21,4,10,4,10,13,41,1,1,1,1,1,0,NA,NA,0,27,42,7,15,3,14,10,1,1,1,1,2,1,1,1,1,2,1,NA,8,0,NA,NA,NA,NA,2,2,80,0,37,24,3,3,2,5,3,5,3,1,1,NA,13,1,NA,80,58,Male
3.125,3.5,3.222222222,3.875,3.4,19,14,33,29,26,23,6,6,8,8,5,33,0,0,1,0,0,0,NA,NA,0,23,36,12,11,3,17,3,1,2,2,2,2,2,1,1,2,2,2,1,12,1,1,2,4,4,6,1,0,0,30,30,3,3,3,4,4,1,3,3,1,1,18,1,NA,0,61,Female
2.875,3.875,3.888888889,1.75,3.6,15,15,30,37,24,14,4,4,7,7,7,29,0,0,1,0,1,0,120,20,1,34,45,8,9,3,9,10,2,1,2,1,1,1,1,2,1,3,3,1,8,0,NA,NA,NA,NA,4,1,30,15,21,35,3,3,3,2,1,3,3,1,1,1,8,1,140,15,21,Male
4.125,5,5,1,3.6,13,8,21,40,31,11,4,4,4,4,8,24,1,1,1,0,0,0,90,120,1,36,63,13,16,10,17,15,4,4,4,3,4,4,4,4,4,3,4,1,9,1,2,3,2,2,1,2,96,50,25,31,4,5,5,5,3,3,3,1,5,3,12,1,210,46,67,Female
2,3.75,3.222222222,2.5,3.6,22,15,37,24,15,14,4,4,10,7,5,30,1,1,1,0,1,0,210,120,1,37,55,14,16,3,16,15,3,2,2,2,4,1,2,2,1,4,3,1,9,0,NA,NA,NA,NA,2,3,81,0,18,43,3,4,2,5,4,5,5,1,4,1,5,4,330,81,59,Female
1.5,3.875,2.555555556,4.125,4.8,26,13,39,25,16,16,4,4,4,17,7,36,0,0,1,0,0,0,0,20,0,25,36,3,3,3,8,3,1,1,1,1,1,1,1,1,2,1,2,1,7,0,NA,NA,NA,NA,1,3,85,0,17,47,3,4,1,5,1,5,2,1,1,5,11,2,20,85,67,Male
4.25,3.875,3.444444444,2.375,3.7,19,11,30,35,31,26,4,4,5,11,9,33,1,0,1,0,0,0,43,15,1,35,44,3,13,3,9,11,2,2,2,3,2,1,2,2,1,3,3,1,9,0,NA,NA,NA,NA,2,4,90,20,21,40,3,4,2,5,3,1,3,4,1,4,8,2,58,70,57,Male
1.875,3.625,4.888888889,3.75,4,10,14,24,32,25,8,4,4,4,4,4,20,0,1,1,0,1,0,120,60,0,13,12,16,15,3,16,8,4,4,2,2,2,2,2,2,1,1,2,1,8,1,1,1,4,4,1,4,100,0,12,48,2,5,1,5,3,4,3,2,4,1,7,2,180,100,64,Female
3.625,4.125,2.777777778,2,4,16,11,27,29,24,17,4,4,4,8,4,24,0,0,1,0,0,0,0,30,0,19,30,7,15,3,14,3,1,1,1,1,3,1,1,1,1,1,1,1,7,0,NA,NA,NA,NA,2,3,75,10,17,49,4,5,1,5,1,5,3,3,3,1,7,1,30,65,64,Male
1.75,4.375,3.333333333,2.5,2.9,18,12,30,30,20,11,4,6,15,15,4,44,1,0,1,0,0,0,5,40,0,19,27,12,14,3,9,3,2,2,2,2,2,1,2,1,2,2,2,NA,11,0,NA,NA,NA,NA,2,3,90,0,17,44,2,5,1,5,3,4,3,1,1,3,9,1,45,90,62,Female
4.25,4.125,3.444444444,3.375,4.2,26,14,40,32,25,19,4,7,7,13,5,36,1,0,1,0,0,0,15,150,1,38,47,11,15,3,7,14,3,3,2,2,1,1,2,1,1,3,2,1,13,0,NA,NA,NA,NA,1,2,90,0,20,48,3,5,2,4,3,4,3,1,1,1,9,4,165,90,68,Female
3,3.625,4.222222222,1.875,2.9,16,13,29,23,13,16,5,8,9,12,14,48,1,1,0,0,1,1,683,120,1,39,55,16,18,9,16,15,3,2,2,3,4,2,2,2,2,3,4,2,15,1,1,1,2,3,1,2,90,0,15,47,2,3,2,5,5,2,5,2,1,1,9,4,803,90,40,Male
2.375,3.75,4.444444444,2.25,4.8,14,11,25,31,12,17,6,4,4,6,10,30,0,1,1,0,1,1,30,180,1,27,36,13,12,7,14,3,1,1,1,1,2,1,2,1,2,1,3,1,14,0,NA,NA,NA,NA,9,2,1,25,34,28,2,3,3,5,2,4,3,3,2,1,17,1,210,24,46,Male
2,3.875,4.222222222,3.75,3.8,15,8,23,34,27,17,4,4,6,17,4,35,1,0,1,0,1,0,NA,30,1,40,53,6,15,4,13,12,2,4,2,2,1,1,1,1,2,2,2,1,9,0,NA,NA,NA,NA,2,3,90,1,15,39,3,5,2,5,1,4,3,1,3,1,5,1,30,89,67,Female
3,3.5,4.111111111,2.875,3.2,12,13,25,29,5,13,4,4,4,4,4,20,0,0,1,0,0,0,NA,NA,0,26,36,3,3,3,3,3,1,1,1,1,1,1,1,2,1,1,1,1,8,0,NA,NA,NA,NA,6,2,10,77,39,17,2,3,3,4,1,5,3,1,4,1,16,1,NA,67,60,Female
2.375,4.125,4,2,3.1,14,11,25,35,30,16,5,6,6,11,9,37,0,1,0,0,0,0,60,NA,0,29,39,12,12,7,9,9,3,3,2,2,2,1,2,1,1,2,1,1,7,0,NA,NA,NA,NA,6,3,50,51,26,28,4,3,3,3,4,2,4,1,1,1,12,2,60,1,52,Male
2.375,4.25,4.333333333,1.625,2.7,17,12,29,34,28,13,5,4,7,8,7,31,1,0,1,0,1,0,30,60,0,32,47,8,12,8,12,10,2,2,2,2,2,2,2,1,2,2,2,1,10,0,NA,NA,NA,NA,6,4,10,70,38,27,2,3,3,2,3,3,2,2,3,3,18,2,90,60,57,Male
2.25,3,3,3.625,4.4,30,25,55,17,6,38,9,8,8,7,13,45,1,1,1,0,1,0,60,15,0,23,47,11,13,5,14,11,2,2,2,2,2,1,2,2,2,2,2,2,7,0,NA,NA,NA,NA,1,4,100,0,12,49,3,5,1,5,3,4,3,2,3,3,10,4,75,100,49,Male
3.25,3.375,3.333333333,1.625,3.6,15,9,24,36,23,19,4,4,5,9,8,30,1,0,1,0,1,0,NA,210,1,31,51,10,15,3,16,12,4,4,3,3,2,1,2,1,1,3,3,2,13,0,NA,NA,NA,NA,5,3,0,80,33,32,2,3,3,5,3,3,3,3,4,1,16,2,210,80,60,Female
3,2.625,3.555555556,3,3.4,20,17,37,29,12,19,8,9,8,16,9,50,1,1,1,0,1,1,125,75,0,30,43,11,16,7,3,8,3,2,3,1,1,1,1,2,1,2,2,1,10,1,3,4,1,"1,2",2,2,90,0,11,49,3,5,1,5,2,4,2,1,4,4,4,2,200,90,64,Female
3.125,3.5,3.777777778,2.875,2.7,19,15,34,20,5,21,4,4,4,17,9,38,1,0,1,0,0,0,NA,0,1,35,60,6,15,3,14,9,2,3,2,2,2,1,2,2,1,2,2,1,7,0,NA,NA,NA,NA,8,2,82,52,32,37,3,3,3,3,2,4,3,2,2,1,7,3,NA,30,55,Male
4,4.75,3.333333333,2.25,4.1,12,5,17,37,24,20,5,9,15,13,12,54,1,0,1,0,0,0,10,300,1,42,58,15,15,5,15,15,4,4,4,3,2,1,1,2,1,3,2,2,12,1,4,2,2,3,7,4,0,83,40,26,2,2,5,2,2,1,2,1,1,4,16,4,310,83,70,Female
2.125,2.875,3.555555556,3.25,3.3,21,14,35,27,15,25,7,8,12,12,8,47,1,1,1,0,1,0,90,NA,0,21,24,13,11,6,13,7,3,3,3,2,2,2,2,2,2,2,2,1,20,1,1,4,2,1,4,2,70,5,21,35,2,4,2,5,3,4,2,1,3,1,7,2,90,65,51,Male
3,3.125,3,3,3.1,17,14,31,26,20,24,12,11,12,12,13,60,1,0,0,0,1,0,45,15,0,27,36,12,12,9,12,12,2,2,2,2,2,2,2,2,2,2,2,1,21,0,NA,NA,NA,NA,4,2,51,49,29,30,2,3,3,4,3,3,3,3,3,1,12,3,60,2,43,Male
3.75,4.25,5,2.25,3.8,6,7,13,36,26,10,4,4,4,9,10,31,1,1,1,0,1,0,150,30,0,42,52,12,15,3,10,12,3,4,2,1,2,2,2,3,2,2,2,1,9,0,NA,NA,NA,NA,2,2,90,0,21,38,2,5,2,5,2,4,4,3,4,1,11,1,180,90,37,Female
2.875,4.25,3.888888889,2.5,3.5,19,12,31,37,19,20,4,4,8,14,5,35,1,0,1,0,0,0,10,210,0,33,45,9,17,3,14,9,2,4,2,2,2,1,2,1,1,2,2,1,15,1,2,1,1,3,6,3,85,90,36,27,2,5,5,4,3,2,4,1,3,3,16,3,220,5,62,Female
3.875,3.625,3.888888889,2.5,4.7,25,20,45,35,12,15,5,9,5,12,12,43,1,0,1,0,0,0,60,NA,1,46,56,15,16,3,13,14,3,4,3,2,3,1,2,2,2,3,3,1,17,0,NA,NA,NA,NA,5,2,45,34,27,32,2,3,3,5,5,3,3,3,4,1,14,5,60,11,41,Male
2.75,2.875,3.888888889,3.375,4.3,15,15,30,22,20,17,4,4,11,11,5,35,1,1,1,0,0,1,41,5,0,22,46,10,9,5,13,7,3,3,2,2,1,1,2,2,1,3,3,1,19,0,NA,NA,NA,NA,3,3,85,0,19,40,3,5,1,3,1,5,1,1,1,1,13,1,46,85,29,Female
2.125,4,4,2.375,3.4,6,8,14,30,30,17,4,4,5,4,5,22,1,0,1,1,0,0,306,152,1,40,53,4,5,3,14,11,2,2,2,2,2,1,2,2,2,2,2,1,10,1,4,2,1,5,2,2,50,2,16,43,2,3,3,3,3,1,3,2,4,1,13,1,458,48,53,Female
2.625,2.875,3.555555556,3.875,2.8,25,15,40,29,27,29,4,4,4,17,4,33,1,0,1,0,1,0,30,0,0,31,40,12,11,3,4,5,2,4,2,2,1,1,1,2,1,1,2,1,11,0,NA,NA,NA,NA,3,2,20,5,23,34,2,4,2,5,2,2,4,1,5,1,18,1,30,15,71,Male
1.5,3.625,2.555555556,4.25,4.1,30,25,55,17,5,37,4,5,11,9,4,33,0,0,1,1,1,0,NA,30,0,36,49,17,18,3,9,8,1,1,1,4,2,2,1,1,2,3,3,1,16,1,1,3,2,4,1,2,0,0,11,40,1,3,1,3,4,1,3,1,2,1,18,1,30,0,28,Female
4,4.5,4.111111111,2,3.7,7,5,12,35,32,14,10,7,10,7,17,51,1,1,1,1,1,0,137,83,1,47,57,14,14,12,15,16,3,3,2,2,2,2,2,3,2,3,2,1,23,1,3,4,2,"1,2,4",1,5,100,0,29,40,3,5,2,5,3,4,5,3,3,1,14,4,220,100,43,Male
2.625,4.125,3.888888889,2.25,4.6,13,8,21,38,32,13,4,4,4,9,8,29,1,0,1,0,1,0,120,180,1,43,56,18,17,13,15,18,3,3,3,3,3,3,2,2,1,3,3,3,13,1,2,1,4,5,2,5,85,0,16,48,3,3,3,5,3,5,4,2,1,3,10,1,300,85,70,Female
2.25,3.5,3.222222222,2.25,3.2,15,5,20,33,31,17,5,4,8,10,4,31,1,0,1,0,0,0,NA,NA,1,49,63,8,15,3,11,13,4,4,3,2,2,1,1,2,1,3,3,1,7,0,NA,NA,NA,NA,6,2,10,93,32,31,4,3,3,4,5,3,3,1,1,1,14,4,NA,83,77,Female
2.25,3.875,4.222222222,2.375,3.7,13,15,28,35,30,14,4,5,6,10,6,31,0,0,0,0,0,0,0,10,0,28,36,3,6,6,8,3,1,1,1,1,1,1,1,1,1,1,1,1,7,0,NA,NA,NA,NA,3,3,70,0,19,41,3,4,1,5,1,4,3,1,4,4,7,1,10,70,78,Male
2.625,3,3.555555556,3.875,4.3,13,8,21,36,14,9,4,4,7,5,14,34,0,0,1,1,1,0,167,25,1,44,63,16,15,3,14,15,1,1,1,2,2,2,2,1,2,3,2,1,13,1,1,1,2,"1,3,4",2,3,100,0,19,38,3,5,2,5,3,4,2,2,3,1,8,1,192,100,34,Female
4,4.375,4.222222222,2.375,3.3,12,6,18,36,25,12,5,9,5,8,9,36,1,0,0,0,0,0,NA,300,0,21,30,5,12,3,6,10,2,4,1,2,2,1,1,1,1,1,2,1,7,0,NA,NA,NA,NA,4,0,9,56,27,34,3,3,3,5,3,5,3,1,1,3,7,3,300,47,75,Male
2.125,2.875,2.555555556,4.75,3.6,23,25,48,17,5,22,11,12,8,11,12,54,1,0,0,0,0,0,150,30,1,33,40,18,18,3,12,17,2,1,2,4,2,2,1,1,1,4,2,1,17,1,3,4,2,"1,2",4,2,51,51,26,40,3,3,3,4,3,1,4,1,1,5,10,2,180,0,70,Female
3.625,4.125,3.222222222,3,3.9,12,7,19,31,13,14,7,7,9,10,7,40,1,1,1,0,1,1,20,120,1,40,50,9,15,4,14,15,2,2,3,2,3,1,2,2,2,3,3,1,14,0,NA,NA,NA,NA,3,3,90,5,18,41,2,4,3,5,3,4,3,2,4,1,7,3,140,85,60,Female
2,4,3.777777778,3.75,3.6,23,12,35,24,10,18,5,13,10,11,12,51,1,0,1,0,0,0,NA,120,0,39,54,9,9,3,8,9,2,2,1,1,1,1,1,2,2,2,2,1,13,1,1,3,2,1,4,2,70,60,24,43,3,4,3,3,1,1,1,1,1,5,8,5,120,10,52,Male
3.875,5,4.888888889,2.625,3.5,9,6,15,32,17,13,4,4,4,10,6,28,1,1,1,0,1,1,98,313,1,47,55,10,18,3,15,18,4,4,2,4,4,2,2,2,2,2,3,1,12,1,4,2,1,5,8,3,2,67,32,29,3,3,3,4,1,5,2,2,1,5,9,4,411,65,56,Female
3.875,4,4,2.25,3.1,6,9,15,29,22,16,8,8,8,9,8,41,1,0,1,0,0,0,0,5,0,42,54,5,6,3,7,6,2,2,2,1,1,1,2,1,1,1,2,1,7,0,NA,NA,NA,NA,2,2,90,70,23,39,4,5,5,3,1,3,3,3,1,1,8,2,5,20,63,Male
3,2.875,3,3.25,3.1,19,15,34,24,18,27,17,14,13,12,17,73,0,1,1,0,1,0,518,274,0,26,38,8,10,9,13,12,2,3,4,2,3,2,4,3,2,4,3,3,24,0,NA,NA,NA,NA,2,3,82,4,42,37,2,4,2,4,3,4,4,2,4,3,14,3,792,78,20,Female
3,3.625,3.333333333,4.5,3.2,30,25,55,15,7,31,7,14,13,19,11,64,1,1,1,0,0,0,240,NA,1,43,62,17,16,3,10,13,4,3,2,2,2,1,2,2,1,3,2,1,18,1,2,2,2,4,1,3,95,0,16,44,2,4,2,5,4,3,3,1,1,1,13,5,240,95,48,Female
2.5,3.75,4.555555556,2.625,3.3,18,17,35,33,25,18,8,8,7,8,7,38,0,0,1,1,0,0,120,300,0,14,18,15,15,3,15,6,1,1,1,1,1,1,1,1,1,1,1,1,13,0,NA,NA,NA,NA,4,2,70,30,29,34,3,4,3,3,2,1,3,1,4,1,10,1,420,40,51,Female
1.75,2.75,2,3.5,4.5,28,22,50,19,15,35,9,11,11,5,14,50,1,0,1,0,0,0,NA,NA,0,30,28,16,14,4,12,7,4,1,3,2,2,1,2,2,2,2,2,1,25,1,2,4,2,"1,2,3,4",4,2,12,7,22,37,2,3,3,5,3,3,3,3,2,3,13,5,NA,5,44,Male
2.375,1.875,3.222222222,3.125,4.6,18,6,24,23,23,18,4,5,8,11,15,43,1,1,1,0,1,0,26,NA,0,27,42,13,15,3,15,10,4,4,2,2,2,1,2,2,2,2,3,1,7,0,NA,NA,NA,NA,1,5,43,0,18,44,3,3,1,5,1,5,2,5,1,NA,9,4,26,43,50,Female
4,3.25,3.333333333,2.5,3.4,20,18,38,30,10,12,4,4,4,7,10,29,0,1,0,0,1,1,10,10,0,7,9,18,18,3,18,3,1,1,1,4,1,1,1,1,1,1,4,4,7,1,2,2,2,3,8,1,0,0,10,10,1,3,3,1,1,1,1,1,1,1,4,4,20,0,30,Male
3.625,4.125,3.888888889,4.5,4.4,22,16,38,22,12,15,5,6,13,11,9,44,1,0,1,0,0,0,20,150,1,36,49,15,18,5,14,11,2,1,2,2,2,1,2,1,3,2,2,4,12,0,NA,NA,NA,NA,2,2,45,0,21,40,1,4,2,5,5,5,3,5,1,5,10,4,170,45,61,Male
3.75,4.875,5,1.875,4.8,12,5,17,40,29,12,4,4,4,9,12,33,1,1,1,0,1,0,NA,NA,1,49,59,9,18,3,14,18,4,3,3,3,3,3,3,3,3,3,3,1,11,1,3,4,2,"1,2",1,3,80,0,12,45,3,5,2,5,3,4,4,4,5,1,12,1,NA,80,40,Male
2.75,3.75,3.666666667,1.75,3.3,10,10,20,36,31,18,4,4,9,13,4,34,1,0,1,0,0,0,0,0,0,16,26,12,15,3,6,3,2,4,1,2,3,1,1,1,1,1,1,1,11,0,NA,NA,NA,NA,5,2,40,50,25,34,3,4,4,4,3,3,3,1,4,1,13,1,NA,10,64,Male
2.375,4.375,4.111111111,2,3.3,13,12,25,35,19,20,4,7,4,10,13,38,1,0,1,0,0,0,150,90,1,29,45,4,5,3,4,6,2,3,2,2,2,1,2,1,1,2,2,1,8,1,1,1,4,2,2,2,70,23,19,42,3,3,3,3,1,1,3,1,5,1,8,2,240,47,34,Male
2,2.75,3,4.5,2.8,20,15,35,19,14,29,7,8,17,13,13,58,1,1,1,1,1,1,347,NA,1,29,46,18,18,3,17,9,4,4,3,3,2,2,2,2,2,2,2,1,27,1,3,4,2,"2,3,4",2,3,85,10,19,40,2,5,1,4,5,3,3,2,4,1,11,3,347,75,23,Female
3.125,3.25,3.444444444,3.375,3.8,27,12,39,26,29,31,16,12,15,13,17,73,1,1,1,1,1,1,25,NA,0,25,36,17,15,3,16,15,4,1,3,3,3,2,1,2,1,3,4,1,21,1,3,4,1,"1,2",2,2,87,55,37,38,3,3,3,3,4,4,3,1,5,5,11,1,25,32,20,Male
3.375,3.875,3.888888889,3.375,3.8,23,13,36,30,25,22,4,4,4,16,9,37,0,0,1,0,1,0,30,180,0,7,9,8,11,6,9,3,2,4,1,2,3,2,3,2,1,2,2,1,13,0,NA,NA,NA,NA,6,2,0,100,35,23,3,3,4,4,3,1,4,2,4,1,18,2,210,100,75,Male
4.25,3.75,4.333333333,2.125,3.5,22,11,33,29,27,29,15,12,11,10,14,62,1,0,1,1,1,0,90,45,1,37,50,12,14,14,13,16,3,4,3,4,3,3,4,4,3,2,3,1,27,0,NA,NA,NA,NA,2,1,90,10,35,36,4,4,4,5,4,5,4,4,3,3,15,4,135,80,40,Male
3.5,3.75,3.666666667,2.875,3.5,20,15,35,36,24,18,9,8,11,10,6,44,1,1,1,0,0,0,110,25,1,33,43,12,13,9,9,11,2,2,3,2,1,1,2,2,2,2,2,1,19,1,3,4,2,"1,2",4,1,60,29,30,37,3,3,3,3,2,3,3,3,2,1,13,2,135,31,28,Female
4.375,4.125,4.333333333,1.875,3.9,21,11,32,35,27,25,15,17,14,8,17,71,1,1,1,1,1,0,168,90,1,39,49,15,16,16,15,16,4,3,3,4,3,3,4,3,3,3,3,3,27,1,3,4,2,4,2,0,80,20,28,33,3,4,3,4,4,3,4,2,3,4,14,2,258,60,37,Female
3.125,4.375,4.555555556,3.75,3.3,11,10,21,34,27,13,4,7,4,7,4,26,1,1,1,1,0,0,NA,NA,1,32,51,15,15,3,16,16,4,3,2,2,2,3,3,2,3,3,2,3,15,0,NA,NA,NA,NA,4,2,51,51,32,34,2,3,3,5,3,1,2,1,5,1,16,4,NA,0,45,Female
3,4.625,3.777777778,3,3.5,19,17,36,27,8,22,4,5,10,7,12,38,1,0,1,0,0,1,215,45,1,36,55,15,15,15,15,14,2,3,3,3,3,3,3,2,3,2,2,2,16,0,NA,NA,NA,NA,4,1,90,39,24,32,3,3,3,4,2,2,4,2,4,3,15,3,260,51,31,Female
2.625,3.5,4.111111111,2,4,14,9,23,30,25,16,8,8,8,12,9,45,1,1,1,1,1,1,195,NA,0,37,50,3,12,3,9,8,3,3,3,1,1,1,2,2,2,2,2,1,8,0,NA,NA,NA,NA,4,2,50,50,23,38,3,3,3,2,1,4,4,2,1,1,7,2,195,0,29,Female
3.375,3.25,4,2.5,3.4,10,17,27,30,15,17,4,4,8,13,9,38,1,1,1,0,0,0,83,NA,0,24,49,10,14,3,13,6,3,3,2,2,1,2,2,1,3,3,2,1,12,1,2,3,4,"2,3",5,1,28,37,22,36,3,3,3,4,2,3,3,4,1,1,9,4,83,9,58,Female
3,3.375,3.222222222,1.875,3.1,7,16,23,NA,20,20,NA,NA,NA,NA,NA,NA,0,0,1,0,0,0,NA,30,0,NA,NA,NA,NA,NA,NA,NA,NA,NA,NA,NA,2,NA,2,NA,NA,NA,NA,NA,NA,0,NA,NA,NA,NA,8,1,0,0,30,28,1,3,3,5,3,3,3,3,1,NA,16,1,30,0,63,Male
3.625,3.5,4,2.75,3.3,18,10,28,36,31,21,4,4,4,4,4,20,0,0,1,0,0,0,NA,NA,0,7,9,3,5,3,10,3,2,2,1,1,1,1,1,1,1,2,1,1,7,0,NA,NA,NA,NA,6,2,0,51,29,27,1,3,3,2,1,2,1,1,1,1,16,1,NA,51,50,Female
2.375,4.375,3.222222222,4.625,3.2,21,19,40,25,30,19,6,8,12,12,14,52,1,1,1,1,1,1,30,15,1,31,42,18,15,3,11,6,2,2,2,3,2,1,1,2,1,1,3,NA,14,1,2,3,1,3,2,3,80,55,25,36,2,4,3,4,4,3,4,2,3,5,14,4,45,25,25,Female
3.625,4.625,4.666666667,1.125,4.1,11,9,20,36,27,8,4,4,4,7,8,27,0,0,1,1,0,0,90,30,1,30,53,3,3,5,6,8,2,2,1,1,2,1,2,1,1,1,1,1,8,0,NA,NA,NA,NA,3,3,70,10,24,36,3,4,3,5,1,4,1,3,3,1,6,1,120,60,62,Male
3.125,4.875,5,1.25,4.7,16,11,27,40,24,14,4,4,4,6,9,27,1,1,1,0,1,0,NA,NA,0,39,51,3,18,3,12,12,3,3,2,3,4,1,4,2,4,4,4,4,8,1,2,3,1,4,4,3,40,5,17,40,2,3,2,5,4,4,4,4,4,1,13,1,NA,35,48,Male
2.875,3.5,2.666666667,3,3.3,26,16,42,25,11,20,4,4,10,14,4,36,0,0,1,0,0,0,0,180,0,26,43,15,15,3,7,3,1,1,1,2,2,1,1,1,1,2,2,NA,14,0,NA,NA,NA,NA,2,2,85,5,20,42,3,3,3,5,1,5,3,4,1,NA,6,4,180,80,60,Female
3.5,3,3.888888889,3.25,3.9,18,11,29,30,21,16,8,9,8,10,8,43,1,1,1,0,0,1,NA,263,1,42,50,14,15,11,15,15,2,2,2,2,1,2,2,1,2,2,2,1,14,1,3,1,4,1,4,4,77,0,18,47,4,5,2,5,4,3,3,1,4,1,10,5,263,77,61,Male
3.875,4,3.666666667,2.75,3.6,22,10,32,29,25,17,8,8,8,16,8,48,1,0,0,0,0,0,NA,NA,0,14,18,15,15,13,15,11,3,3,2,2,2,2,2,2,2,2,3,2,28,1,3,3,2,2,2,2,68,30,20,42,2,5,2,4,3,3,3,3,3,3,9,4,NA,38,21,Female
2.625,4.625,4.111111111,1.5,2.8,8,12,20,40,27,11,4,4,4,6,4,22,1,0,0,1,0,0,NA,NA,0,34,54,3,13,3,7,7,3,4,2,1,1,1,1,1,1,1,1,1,11,0,NA,NA,NA,NA,4,1,71,31,33,34,3,3,3,3,2,1,3,1,4,1,15,1,NA,40,57,Male
4.25,4.375,3.333333333,3.125,4.8,25,8,33,24,28,20,4,5,12,15,15,51,1,1,1,1,0,1,134,45,1,36,47,18,18,9,17,14,3,3,3,3,2,2,3,2,1,1,2,1,28,1,4,4,4,"1,2,5",1,2,70,0,12,48,2,3,1,5,4,4,3,2,1,4,11,1,179,70,31,Female
3,4.875,3.888888889,2,3.4,15,10,25,30,30,14,4,6,9,5,12,36,0,1,0,0,0,0,270,0,1,43,54,16,16,12,16,15,3,3,2,3,1,3,3,3,3,2,3,2,12,1,1,1,3,4,2,2,100,0,17,39,4,3,3,5,4,3,4,3,4,3,7,2,270,100,33,Female
2.75,3.625,3.777777778,3.125,3.6,16,9,25,38,28,24,5,5,9,13,11,43,1,1,1,1,0,0,90,NA,0,29,41,12,13,5,13,10,4,3,3,2,2,2,2,2,1,2,2,2,16,1,3,4,2,1,3,0,80,23,23,40,2,5,5,3,3,4,3,3,3,2,11,4,90,57,25,Male
3.125,4.5,4.333333333,2.75,3.2,13,8,21,28,28,19,5,5,10,5,14,39,1,0,0,0,0,0,120,30,1,43,53,13,16,3,10,9,4,2,2,2,2,2,2,2,2,2,2,NA,13,0,NA,NA,NA,NA,2,0,100,0,19,40,3,5,1,2,4,2,1,1,1,1,11,2,150,100,27,Male
2.5,3.875,3.444444444,2.875,2.4,22,15,37,35,30,15,4,5,11,10,4,34,1,1,1,0,1,0,210,90,1,37,50,3,17,3,15,13,2,1,4,4,4,4,2,2,3,4,2,1,13,1,2,2,2,4,2,4,88,0,19,44,3,5,2,5,4,5,2,1,4,1,13,1,300,88,NA,Female
3.625,3.5,4.555555556,2,3,6,5,11,37,35,17,4,5,8,11,7,35,0,0,1,1,1,0,267,84,0,21,26,4,12,3,12,4,2,1,2,2,2,1,2,2,2,2,2,1,11,0,NA,NA,NA,NA,4,2,50,27,23,38,3,3,3,4,3,2,3,1,3,1,9,1,351,23,38,Male
3.75,3.5,3.333333333,3.375,3.9,20,10,30,34,20,16,6,11,11,7,9,44,1,1,1,0,1,1,562,290,1,29,33,15,15,8,14,13,2,3,2,3,3,3,3,3,3,3,3,1,19,1,1,1,4,4,4,3,50,50,33,34,2,3,3,4,5,1,4,3,3,1,13,4,852,0,33,Female
2,3.875,4.555555556,1.75,2.3,15,7,22,28,10,29,4,5,6,11,14,40,1,0,1,0,0,0,192,480,1,41,57,12,18,6,12,9,4,3,2,2,2,1,1,1,2,2,3,1,17,0,NA,NA,NA,NA,3,2,75,30,23,41,2,5,5,3,3,4,4,2,5,1,15,1,672,45,41,Female
2,3.875,3.444444444,4.25,4.4,22,15,37,27,24,29,4,7,14,9,8,42,1,1,1,1,1,1,311,300,1,36,50,18,18,8,16,14,3,3,2,2,2,2,2,2,1,2,2,NA,19,1,5,4,4,"1,2,3",2,3,83,10,22,41,2,5,2,4,3,2,3,2,2,3,10,4,611,73,NA,NA
3.375,3.375,3.444444444,2.625,3.7,25,10,35,26,25,24,13,14,15,12,14,68,0,0,1,1,0,0,120,60,1,24,34,11,9,14,13,11,3,3,3,2,2,2,2,1,2,2,2,1,14,0,NA,NA,NA,NA,8,0,50,51,34,35,3,3,3,4,1,2,4,1,1,1,13,3,180,1,32,Male
2.625,3.625,3.333333333,2.5,2.8,15,11,26,20,10,25,4,4,5,8,8,29,0,0,1,0,0,0,180,90,0,34,47,10,18,3,10,11,1,1,1,3,2,1,2,1,2,2,2,1,10,0,NA,NA,NA,NA,5,2,49,51,31,30,3,3,3,2,5,1,1,1,1,1,13,1,270,2,20,Male
3.875,4.5,4,1.875,3.9,8,7,15,37,32,9,5,4,5,10,4,28,1,0,1,0,0,0,NA,60,1,44,63,3,15,5,15,12,1,2,1,1,2,1,1,1,1,2,1,1,7,0,NA,NA,NA,NA,6,2,40,42,25,31,3,3,3,5,3,5,3,1,4,1,9,1,60,2,73,Female
2.5,4.625,3.555555556,3.125,3.4,14,14,28,30,27,20,4,4,7,13,5,33,1,0,0,0,0,0,60,30,1,30,38,7,11,3,14,8,1,1,1,1,2,1,2,1,1,2,1,1,7,0,NA,NA,NA,NA,4,2,92,2,26,36,3,4,3,4,3,3,3,2,4,1,14,1,90,90,45,Female
2.25,3.375,3.777777778,3.875,2.6,26,16,42,21,11,28,4,4,4,4,9,25,1,1,1,1,0,1,345,30,0,14,26,17,18,3,15,6,4,3,3,2,1,2,1,2,1,2,2,1,13,1,4,3,2,4,8,0,0,0,26,35,2,3,3,2,5,1,4,1,1,1,13,3,375,0,22,Female
3,4.5,4.222222222,1.375,2.7,11,8,19,37,30,10,4,4,4,7,5,24,1,1,1,0,1,0,75,270,0,40,54,9,16,3,11,12,4,4,4,1,1,1,2,2,1,2,1,NA,7,0,NA,NA,NA,NA,1,2,70,10,18,43,3,3,3,4,3,2,4,2,2,NA,4,1,345,60,35,Female
3.125,3.375,2.888888889,4,3.9,21,19,40,28,23,28,11,8,15,16,5,55,1,0,1,0,0,0,410,200,1,28,45,8,17,7,7,10,3,4,2,2,1,1,1,1,1,2,3,3,23,1,4,4,4,3,8,0,52,51,27,37,3,3,3,4,4,2,3,1,5,3,11,3,610,1,51,Female
2.5,3.875,3.111111111,2,4.1,13,9,22,35,30,19,4,4,16,10,4,38,1,0,0,0,0,0,NA,NA,1,37,52,12,14,3,15,14,4,3,3,2,2,1,2,1,2,3,2,1,19,0,NA,NA,NA,NA,3,4,82,31,16,45,3,4,3,4,4,3,2,2,1,1,7,2,NA,51,NA,NA
1.75,3.625,3.444444444,4,3.3,27,21,48,16,14,27,9,16,8,14,17,64,1,1,1,1,1,0,450,150,1,36,51,15,15,3,10,13,4,2,2,2,2,2,2,2,2,2,2,1,24,1,2,2,1,3,2,1,72,0,17,47,3,4,2,5,3,3,2,1,1,1,11,4,600,72,32,Female
3.125,3.875,3.555555556,2.5,3.9,21,13,34,35,18,9,4,4,9,19,7,43,0,1,1,1,1,0,78,NA,0,30,40,14,13,6,12,10,3,3,4,2,1,2,2,2,2,2,2,1,13,1,3,2,2,"1,2",2,2,57,31,17,45,2,3,3,3,4,2,3,1,1,1,10,1,78,26,19,Female
2.25,4.125,3.555555556,3.25,4.2,25,18,43,28,15,26,4,4,12,8,13,41,1,1,1,0,1,0,480,60,1,35,45,14,18,9,14,15,2,2,2,2,2,2,2,2,2,2,2,2,24,1,4,4,2,2,3,2,71,26,23,41,3,3,3,5,4,3,3,3,3,4,11,2,540,45,46,Female
3.375,4,2.777777778,2.375,4.3,16,15,31,31,25,17,6,6,14,14,15,55,1,1,1,1,1,0,30,15,1,31,41,12,15,3,12,8,4,2,2,1,2,1,2,2,2,3,2,1,13,1,1,1,4,"1,2",2,0,63,10,18,44,3,3,2,4,2,5,3,2,1,1,8,2,45,53,27,Male
3.625,3.625,4.666666667,2.875,2.6,13,12,25,37,30,13,8,11,10,8,11,48,1,0,1,1,0,0,120,300,1,39,58,17,18,3,7,11,3,3,2,1,1,1,1,1,1,1,1,4,9,0,NA,NA,NA,NA,4,3,30,51,30,25,3,3,3,4,3,2,1,1,4,5,13,5,420,21,51,Female
3.875,4.625,2.222222222,4.375,4.7,15,6,21,15,10,20,4,8,17,16,12,57,1,1,1,1,0,0,40,180,1,37,54,18,16,3,13,11,4,2,2,2,2,2,2,2,1,2,2,NA,20,1,2,4,2,4,1,3,60,0,15,44,1,3,2,4,4,3,2,1,3,NA,7,2,220,60,22,Female
2.125,3.25,3.555555556,3.5,3.6,15,20,35,16,5,32,5,6,10,10,8,39,1,1,1,0,1,0,300,0,1,29,35,15,13,14,14,4,1,2,2,3,2,3,2,2,2,1,2,1,17,1,2,2,1,5,4,2,25,0,23,33,1,3,2,3,5,3,2,1,2,1,11,2,300,25,30,Male
3.25,4,3.222222222,3.125,3.6,22,10,32,33,30,23,16,16,16,8,13,69,1,1,1,0,0,0,NA,255,1,42,57,15,15,15,15,15,3,3,3,3,3,3,3,3,3,3,3,1,21,1,4,4,2,1,1,3,100,0,24,44,3,3,3,4,5,2,3,2,2,1,11,1,255,100,34,Female
2,4.625,3.888888889,2.625,4.5,20,12,32,40,35,13,4,4,10,11,7,36,0,1,1,0,0,0,300,0,1,42,50,11,17,10,17,11,4,4,2,2,1,1,1,2,2,2,2,1,14,0,NA,NA,NA,NA,2,5,62,0,10,46,2,3,1,5,2,5,3,1,1,1,13,3,300,62,25,Female
2.75,3.875,3.777777778,2.75,4.3,17,16,33,30,22,16,5,8,5,13,11,42,1,1,1,0,1,0,90,20,1,41,54,11,15,5,11,12,2,1,2,2,2,1,2,2,2,3,3,1,10,1,2,3,2,4,2,3,90,1,19,38,2,3,3,5,4,3,3,2,2,4,7,2,110,89,51,Male
2.5,3.875,4,3.5,4.4,17,10,27,34,33,13,4,4,8,15,6,37,1,0,0,0,1,0,10,15,0,29,54,3,7,3,7,11,2,2,1,2,2,1,2,2,1,2,1,1,7,0,NA,NA,NA,NA,4,2,29,64,40,24,2,3,3,5,3,1,1,1,4,1,16,4,25,35,66,Female
4.125,4.625,4.777777778,2.875,4.7,18,8,26,33,19,13,4,4,13,8,7,36,1,1,1,1,0,0,180,30,1,38,59,14,16,3,9,11,4,2,2,2,1,2,2,2,2,2,2,1,15,1,4,3,2,3,2,0,90,10,21,33,3,4,2,2,3,3,3,1,2,3,11,1,210,80,20,Female
3.625,5,3.777777778,2.375,4.1,11,5,16,24,11,8,6,4,6,20,4,40,0,1,1,1,0,0,60,30,0,8,9,11,14,6,13,3,2,2,1,1,1,1,1,1,1,1,1,1,7,0,NA,NA,NA,NA,5,3,76,2,23,34,3,3,3,4,1,1,2,1,5,1,15,3,90,74,31,Female
3.875,3.5,3.333333333,2.625,3.6,26,17,43,22,9,20,9,17,12,18,15,71,0,0,1,0,1,0,60,600,1,24,28,18,15,3,14,12,1,1,1,4,4,1,1,1,4,4,4,4,18,1,3,4,2,1,3,2,10,20,34,31,2,3,3,5,5,5,5,5,2,3,18,4,660,10,56,Male
2.5,4.75,5,2.125,3.7,11,12,23,39,27,8,4,4,4,13,4,29,1,0,1,1,1,0,30,120,0,24,32,12,18,3,12,3,2,2,2,1,1,1,2,1,1,1,1,1,11,1,3,4,2,2,2,0,100,0,21,34,3,4,4,5,3,2,2,3,4,4,9,1,150,100,47,Female
3.375,4,3.666666667,2.875,3.6,6,5,11,36,28,20,4,4,4,8,13,33,1,0,0,0,1,0,NA,NA,1,42,54,9,13,14,12,13,3,3,3,3,3,3,3,3,3,3,3,1,13,0,NA,NA,NA,NA,6,4,10,92,28,40,3,5,5,4,4,4,4,4,4,1,14,1,NA,82,39,Female
3,3.25,3.666666667,3,3.7,15,13,28,30,17,24,5,6,8,13,12,44,1,1,1,1,1,0,165,NA,0,24,33,11,14,3,6,9,3,3,2,3,3,2,3,2,3,2,2,1,10,0,NA,NA,NA,NA,8,0,50,50,25,36,2,3,3,5,3,4,3,3,2,1,10,3,165,0,34,Male
2.625,3.625,3.333333333,3.5,3.5,24,17,41,26,17,26,7,8,10,10,10,45,0,1,1,0,0,1,NA,126,0,34,51,12,15,5,12,5,3,3,1,2,1,2,2,2,1,1,1,2,17,1,3,3,2,5,2,2,90,10,22,35,2,5,3,3,4,2,3,2,4,1,9,2,126,80,37,Female
2.625,3.875,3,2.375,3.3,6,5,11,30,15,19,4,4,10,14,9,41,1,0,0,0,0,0,84,NA,1,37,60,3,15,3,5,10,4,3,2,2,2,1,2,1,1,1,1,1,7,1,1,1,4,3,4,2,70,10,13,43,3,3,3,4,3,3,3,1,1,4,10,4,84,60,NA,NA
2.25,3.25,3,3.625,2.5,20,17,37,27,19,17,6,10,16,13,5,50,1,0,1,0,0,0,176,NA,1,37,47,18,18,3,10,8,4,4,3,2,1,1,2,1,1,1,1,1,18,0,NA,NA,NA,NA,2,0,90,4,16,45,3,5,2,4,3,5,2,1,1,1,8,3,176,86,41,Female
3.75,4.25,2.888888889,3.625,4.2,24,6,30,25,11,22,6,7,12,8,14,47,1,1,1,0,1,1,45,30,1,49,62,12,10,9,16,12,3,3,3,2,1,1,2,2,2,4,4,2,14,1,3,3,2,"1,2,3,5",3,2,80,0,20,41,2,3,2,4,1,5,5,5,5,4,11,5,75,80,33,Male
2.625,3.25,4.666666667,2.875,4.4,6,14,20,36,22,12,6,6,7,17,15,51,1,1,1,0,1,0,NA,NA,0,21,23,14,12,6,12,9,2,2,2,2,2,1,2,2,3,2,2,1,15,1,2,3,4,2,2,4,93,13,23,36,4,4,3,5,3,3,3,3,3,1,8,5,NA,80,46,Male
2.625,3.375,4,2.375,2.9,9,12,21,38,26,8,4,4,4,8,4,24,0,0,1,0,0,0,330,120,0,13,27,8,12,3,12,5,3,3,3,2,2,1,2,1,1,2,3,1,7,1,4,3,1,2,4,2,100,0,25,36,2,5,3,4,3,4,2,1,3,1,12,1,450,100,53,Male
2.875,4.25,4.555555556,2.75,4.7,10,10,20,36,26,10,4,4,4,7,5,24,1,1,1,0,1,0,30,15,1,34,44,5,12,4,14,11,1,1,1,1,1,1,2,1,2,2,2,1,8,0,NA,NA,NA,NA,2,4,80,10,16,42,3,3,3,5,2,5,4,4,1,1,6,1,45,70,60,Female
4.75,5,5,1,3.2,18,5,23,37,30,8,12,10,12,12,8,54,1,0,0,0,0,0,NA,NA,1,27,36,15,15,11,15,15,3,3,3,3,1,1,1,3,1,1,3,1,20,0,NA,NA,NA,NA,7,2,0,100,46,33,3,3,5,4,1,1,1,1,5,1,20,3,NA,100,71,Male
1.75,3.875,4,2.25,3.9,19,9,28,34,24,14,4,4,8,8,9,33,1,0,1,1,1,0,165,120,1,38,52,11,14,9,9,9,1,1,1,2,2,1,1,2,1,1,1,1,8,0,NA,NA,NA,NA,1,2,90,10,22,37,3,4,2,5,3,3,1,1,1,1,5,1,285,80,28,Female
3.125,3.75,3.666666667,2.125,4.4,15,15,30,31,28,14,4,5,6,12,9,36,0,0,1,0,1,0,15,60,0,14,23,3,3,3,11,8,2,2,1,2,3,1,2,1,2,3,2,1,7,0,NA,NA,NA,NA,4,2,15,25,26,32,2,3,3,5,3,4,3,4,1,1,11,2,75,10,61,Male
2.125,3.25,3.222222222,3.75,2.5,25,19,44,19,10,34,12,10,9,12,9,52,1,0,1,1,0,0,NA,NA,1,34,49,12,12,5,7,13,2,2,2,3,3,1,1,3,1,3,2,2,17,0,NA,NA,NA,NA,1,4,100,0,21,40,3,5,1,4,3,2,3,3,4,2,8,3,NA,100,65,Male
3.375,3.25,3.555555556,2.625,3.2,11,18,29,30,24,27,13,15,17,15,13,73,1,1,1,0,0,0,180,240,0,20,27,18,18,8,14,14,3,3,2,2,3,2,2,3,2,3,2,1,31,1,4,2,2,2,4,0,23,52,35,29,2,3,3,4,5,4,4,4,3,1,14,5,420,29,23,Male
3.375,4.625,3.444444444,2,4.1,23,14,37,27,19,25,11,9,17,10,15,62,0,1,0,0,1,0,275,0,1,32,47,14,16,4,15,11,4,4,3,4,3,2,1,2,1,1,3,1,15,1,3,2,1,4,2,3,94,1,18,44,2,5,3,4,5,2,2,1,2,1,16,1,275,93,29,Male
1.75,4.375,2.444444444,2.75,3.8,25,8,33,24,5,27,6,6,17,13,6,48,1,1,1,0,0,1,NA,NA,0,17,23,11,12,8,12,12,2,1,2,2,2,2,2,2,2,2,1,1,12,0,NA,NA,NA,NA,3,2,60,40,26,35,4,3,3,3,3,5,2,4,3,NA,12,4,NA,20,52,Male
2.625,3.875,3.555555556,3.5,3.1,19,11,30,26,20,16,8,6,11,10,12,47,1,1,1,1,0,1,92,360,0,25,36,13,13,4,14,3,3,3,3,2,2,2,2,2,1,1,2,1,18,1,2,3,2,"2,3",5,1,72,78,22,38,3,3,3,4,4,3,3,1,2,1,10,2,452,6,24,Female
1.625,3.625,3.777777778,3.625,3.9,18,21,39,30,15,16,8,8,8,10,8,42,1,0,1,0,1,0,28,360,1,39,48,15,15,3,11,11,2,2,1,1,2,1,2,1,1,1,1,1,11,0,NA,NA,NA,NA,4,2,5,10,33,24,2,3,3,4,2,4,3,2,2,1,13,1,388,5,62,Female
1.625,3.5,3,4.75,2.3,27,14,41,20,6,21,6,10,10,15,13,54,0,0,1,0,0,0,78,NA,0,23,29,16,14,3,12,12,2,2,1,3,2,1,2,2,1,4,3,NA,25,1,2,2,2,2,2,4,65,10,12,43,2,4,1,4,4,4,3,1,1,1,9,4,78,55,26,Female
2.625,3.5,3.111111111,3,3.8,24,18,42,22,10,25,10,10,14,12,12,58,1,1,1,0,1,0,5,60,1,28,33,14,15,3,13,13,1,1,1,1,1,1,2,1,1,2,2,1,17,0,NA,NA,NA,NA,4,0,41,58,29,33,2,3,3,3,4,3,3,2,2,1,12,3,65,17,51,Male
2.75,4,3.111111111,3.625,4.6,18,9,27,23,5,28,4,4,11,12,12,43,1,1,1,0,1,0,195,NA,1,48,63,17,15,7,10,15,3,2,3,2,3,2,2,2,2,2,2,1,21,1,2,3,1,3,1,4,60,0,11,42,3,5,1,5,4,3,3,1,4,1,9,1,195,60,42,Female
3,3.75,3.666666667,2.75,3.6,17,14,31,23,21,30,16,14,12,10,12,64,1,1,1,1,1,0,180,60,0,27,39,15,15,15,15,13,3,3,3,2,3,3,4,2,3,2,2,3,23,1,2,2,2,1,4,0,48,50,32,35,3,3,3,3,4,3,3,3,1,3,13,3,240,2,25,Male
1.75,4.375,4.666666667,1.5,4,8,7,15,40,30,8,4,4,4,11,7,30,0,0,1,0,1,0,NA,NA,1,30,42,9,9,4,10,8,2,2,2,2,2,2,2,1,2,2,2,1,8,0,NA,NA,NA,NA,4,2,72,31,23,38,4,3,3,5,2,3,3,1,1,4,8,1,NA,41,62,Male
2.75,4.625,3.444444444,3.75,3.7,16,13,29,28,18,23,6,13,18,10,7,54,1,0,1,0,1,0,NA,NA,1,31,44,12,9,3,7,7,4,4,4,2,1,1,1,1,1,2,2,1,14,0,NA,NA,NA,NA,6,2,30,70,33,31,3,2,5,2,2,1,3,2,4,1,16,1,NA,40,60,Female
2.375,4.375,4.666666667,3.625,3.7,29,22,51,30,19,21,4,4,8,12,10,38,1,0,1,0,0,0,90,30,1,34,46,17,15,4,13,14,3,4,2,3,3,1,1,1,1,1,2,1,14,1,3,2,1,1,6,3,25,100,33,32,2,3,5,3,4,3,3,4,1,1,13,5,120,75,55,Female
3,4,4.111111111,1.75,3.7,21,14,35,37,15,14,13,8,11,12,11,55,0,1,0,0,0,0,120,120,0,21,40,12,15,14,15,15,3,2,2,4,2,2,3,1,3,3,1,1,24,0,NA,NA,NA,NA,2,2,50,50,26,35,5,3,3,4,1,2,2,4,3,1,12,3,240,0,41,Male
3,4,3.666666667,2.75,3.4,10,10,20,37,31,12,6,5,4,7,7,29,1,1,1,0,1,0,NA,NA,1,39,55,12,16,4,16,17,3,3,3,3,4,2,3,3,3,2,2,3,18,0,NA,NA,NA,NA,5,2,69,40,28,34,3,5,5,5,4,5,5,3,4,3,14,2,NA,29,43,Male
2.625,3.5,3.888888889,4.375,4,23,14,37,21,19,29,4,4,12,8,12,40,1,1,1,1,0,0,211,232,1,17,40,18,15,3,18,8,4,4,4,4,4,1,1,2,2,1,1,1,29,1,4,1,2,"1,2",2,2,80,3,14,43,2,5,2,4,4,2,3,1,1,1,14,2,443,77,22,Female
3.125,3.5,3.777777778,1.875,3.5,20,15,35,33,30,15,4,5,5,7,9,30,1,1,1,0,1,0,180,NA,1,35,49,7,15,3,14,6,4,4,2,2,2,1,2,2,2,1,1,1,9,1,2,1,4,1,2,3,90,10,21,41,3,5,2,5,2,3,3,3,4,1,9,2,180,80,50,Male
3.875,3.25,3.777777778,2.5,3.8,17,9,26,31,19,15,9,7,11,11,7,45,1,1,1,1,1,0,150,90,1,42,54,15,15,6,10,15,2,2,2,1,1,1,1,2,1,2,1,1,15,0,NA,NA,NA,NA,5,2,18,84,33,26,2,3,3,4,2,3,3,3,3,3,13,2,240,66,56,Female
3.75,4,3.555555556,3.25,4.5,23,23,46,27,10,23,4,4,4,13,4,29,0,0,1,1,0,0,35,135,0,27,35,10,13,4,12,5,1,1,1,3,4,3,1,1,1,2,3,3,9,0,NA,NA,NA,NA,2,1,70,5,12,39,3,3,2,3,1,4,2,1,4,1,8,1,170,65,45,Male
2.875,4.625,4.666666667,2,4,22,14,36,37,28,11,4,4,4,10,9,31,1,1,0,1,0,0,NA,NA,0,28,39,10,15,3,11,10,4,4,2,1,2,1,2,1,1,2,2,1,8,1,2,1,2,2,3,2,80,30,22,29,3,3,3,5,1,5,3,3,1,1,9,4,NA,50,63,Female
1.875,4.375,3.777777778,1.625,3.2,22,12,34,33,27,20,4,4,6,17,5,36,0,0,1,0,0,0,210,150,1,27,50,12,16,3,11,6,1,1,1,3,3,1,2,1,2,1,2,1,16,0,NA,NA,NA,NA,5,2,30,35,23,35,3,3,3,5,4,2,2,2,3,3,12,4,360,5,57,Male
3,3.875,3.444444444,2.25,4.5,20,19,39,36,27,15,4,4,4,12,10,34,1,1,1,0,0,0,180,180,1,33,49,3,16,13,17,15,2,1,3,1,1,2,1,1,1,4,2,1,8,0,NA,NA,NA,NA,4,3,66,36,22,41,2,3,3,3,2,4,3,4,2,4,14,3,360,30,61,Male
2.125,4.875,4.777777778,1.625,2.7,10,12,22,35,20,12,6,4,5,14,8,37,1,0,0,0,1,1,150,85,0,39,57,11,15,3,8,10,4,4,2,1,2,3,1,3,1,1,3,1,12,1,2,3,2,2,2,3,91,42,22,41,3,4,3,5,1,2,3,1,5,1,8,1,235,49,63,Female
3.25,3.125,3.222222222,3.375,3.7,22,11,33,25,13,28,12,11,16,7,9,55,1,0,1,1,0,0,240,60,0,26,41,18,13,3,14,13,4,3,2,2,1,1,1,1,1,1,1,1,9,0,NA,NA,NA,NA,8,0,59,40,20,45,2,3,3,3,4,1,3,1,1,1,19,1,300,19,24,Male
2.5,3.875,4,4.125,3.7,20,17,37,29,24,23,12,14,13,12,13,64,1,1,1,1,0,0,480,600,1,24,31,14,18,13,14,8,3,3,3,3,3,3,3,3,3,3,3,3,18,1,4,4,2,"4,5",4,2,30,59,26,32,2,3,3,4,5,4,4,3,4,3,14,3,1080,29,33,Female
4.125,3.875,4,2.125,3.2,13,10,23,38,29,16,4,4,4,18,6,36,1,0,1,0,0,1,NA,NA,1,31,42,13,17,3,15,12,2,2,2,1,1,1,2,1,1,2,2,1,14,1,2,3,4,2,3,3,80,20,24,39,3,4,3,5,3,3,3,3,4,1,8,1,NA,60,68,Male
3.5,3.75,4.111111111,3.625,4,21,11,32,33,20,15,4,4,5,11,5,29,1,0,0,0,1,0,NA,80,1,29,44,13,12,7,9,7,4,1,4,2,1,1,1,2,1,3,1,2,10,1,2,3,1,3,2,0,70,0,17,40,2,5,1,3,3,3,2,1,1,4,12,1,80,70,31,Female
2.375,3,4.333333333,2.75,3.5,19,14,33,30,11,22,10,11,12,15,14,62,0,1,1,0,0,0,120,NA,0,30,47,14,15,3,13,3,2,1,2,1,3,1,2,2,1,3,1,4,9,1,2,4,2,4,8,0,84,65,24,34,3,3,3,4,2,3,3,3,1,1,11,3,120,19,33,Male
3.5,3.75,3.666666667,2.5,3.5,23,11,34,30,28,23,10,14,12,9,16,61,1,0,1,1,0,0,290,330,1,37,48,15,14,15,14,15,2,3,3,2,3,2,3,3,2,3,3,NA,22,1,2,2,1,2,7,5,98,7,35,35,4,5,2,4,4,5,3,3,4,3,12,2,620,91,31,Male
2.375,3.625,3.333333333,2.75,2.7,14,9,23,36,24,18,10,8,12,10,6,46,0,0,1,0,0,0,NA,NA,0,37,37,14,12,6,11,6,2,2,2,2,2,1,1,1,1,2,1,1,10,0,NA,NA,NA,NA,6,2,0,95,33,28,3,2,4,5,3,4,2,1,5,1,18,2,NA,95,51,Male
3,4.25,3.888888889,2.25,3.5,16,12,28,29,21,11,5,4,10,9,6,34,1,0,1,0,0,0,NA,NA,0,34,42,13,13,10,10,11,4,4,2,2,2,1,1,1,1,2,2,1,12,0,NA,NA,NA,NA,6,2,62,76,27,32,3,3,3,2,4,2,4,2,3,1,10,1,NA,14,56,Female
3.75,5,3.333333333,1.25,3.7,8,8,16,37,34,8,10,8,6,10,9,43,1,0,0,0,0,0,150,NA,1,46,57,15,16,5,15,15,3,3,3,3,3,3,3,1,3,3,2,1,20,0,NA,NA,NA,NA,7,4,0,100,35,22,2,3,5,4,2,3,4,3,4,1,19,1,150,100,61,Male
1.25,3.75,3.333333333,4.625,4,22,17,39,17,9,27,4,6,19,19,10,58,1,1,1,0,0,0,43,10,1,27,47,18,18,3,12,5,3,1,2,2,1,4,3,3,3,3,3,NA,25,1,5,4,2,4,4,0,61,23,24,41,4,4,2,2,1,1,3,1,1,5,12,1,53,38,30,Female
2,3,2,4.625,3.4,30,24,54,13,7,36,10,9,20,16,12,67,1,0,1,1,0,0,120,120,0,23,33,17,17,3,3,8,3,3,2,2,2,1,1,2,1,1,1,2,33,1,3,3,1,2,3,4,35,0,18,43,2,4,1,4,1,5,4,1,1,4,12,1,240,35,25,Male
2.875,3.25,3.888888889,3.875,4.6,18,6,24,29,24,17,10,14,11,12,11,58,0,0,1,0,0,0,26,13,1,33,36,11,11,16,14,8,4,4,3,3,1,1,3,2,3,2,2,3,17,0,NA,NA,NA,NA,3,0,60,3,24,34,2,3,3,3,2,3,4,2,1,2,12,3,39,57,28,Male
3.5,3.5,4,2.25,3.5,16,7,23,36,30,19,5,6,10,8,9,38,1,1,1,0,1,0,205,15,0,35,45,15,15,3,14,7,4,4,2,2,2,2,2,1,1,1,2,2,16,1,3,4,2,1,5,2,41,59,34,31,3,3,3,4,3,3,4,2,2,4,9,3,220,18,40,Male
2.75,3.75,2.444444444,3.75,3.1,23,15,38,23,10,29,8,7,9,9,11,44,1,1,1,1,1,1,143,90,1,34,45,12,15,3,12,13,4,3,2,2,2,2,2,2,1,2,2,1,15,1,3,2,2,4,2,0,80,10,21,38,3,3,3,4,4,2,3,2,2,1,13,2,233,70,26,Male
4.125,4.375,4.555555556,1.875,4.1,7,11,18,36,22,18,6,8,9,8,15,46,0,1,1,1,1,0,270,45,0,30,41,9,12,4,14,12,4,2,2,3,2,2,3,2,2,3,3,1,12,0,NA,NA,NA,NA,3,3,94,13,26,34,3,5,5,3,4,1,4,1,1,1,12,3,315,81,30,Male
3.75,3.375,3.888888889,2.875,3.1,11,12,23,38,31,17,5,4,8,10,4,31,1,1,0,0,0,0,NA,NA,1,33,48,6,11,10,9,6,3,3,2,1,1,1,2,1,1,2,1,NA,13,1,3,2,2,1,6,2,0,100,42,18,3,2,4,4,2,2,3,1,5,NA,17,2,NA,100,53,Male
3,3.375,3.444444444,3.625,3.4,13,15,28,28,20,13,6,6,11,8,6,37,1,0,0,1,0,0,165,0,0,27,33,12,15,3,14,7,2,2,2,2,3,1,2,2,2,2,2,1,19,1,2,3,2,"2,5",1,4,100,0,13,48,3,5,2,4,3,4,3,3,1,1,6,1,165,100,46,Female
3.625,3,2.777777778,3.125,3.5,19,13,32,25,25,26,12,12,15,14,12,65,1,0,0,0,0,1,380,570,1,33,43,15,15,11,15,13,3,2,3,2,2,2,1,1,1,1,2,1,23,1,2,2,2,2,3,1,80,21,26,30,3,5,2,4,3,4,4,3,4,1,13,3,950,59,NA,NA
3,4.125,4.222222222,1.5,4.2,7,10,17,35,26,13,4,5,6,9,13,37,1,0,1,0,1,0,70,30,1,48,62,6,12,10,12,12,2,2,2,2,3,2,2,2,2,4,2,1,8,0,NA,NA,NA,NA,5,2,38,79,32,25,3,3,3,4,4,3,3,3,1,1,15,4,100,41,32,Male
3.25,3.875,3.333333333,3.75,3.9,28,19,47,23,16,31,4,7,14,11,14,50,1,1,1,0,0,1,NA,NA,0,26,32,7,7,3,15,6,4,4,2,2,3,1,1,2,1,2,2,2,14,0,NA,NA,NA,NA,2,1,81,20,18,43,3,3,1,4,3,3,3,2,2,1,12,2,NA,61,59,Female
2,4,4.111111111,3.625,3.9,25,19,44,23,13,21,4,4,6,9,7,30,1,1,1,0,0,0,10,120,0,20,40,6,9,3,8,9,2,2,1,1,1,1,2,1,1,2,2,1,11,0,NA,NA,NA,NA,2,2,90,2,16,41,3,5,2,3,1,5,3,3,4,1,10,1,130,88,65,Male
2.875,4,4.333333333,3.25,4.3,23,21,44,23,23,25,4,5,4,10,5,28,1,0,0,0,0,0,NA,NA,0,18,25,3,9,3,14,7,2,2,2,2,1,1,2,1,1,1,1,1,11,1,3,4,3,1,5,2,0,0,27,34,1,3,3,5,1,3,1,1,1,4,16,5,NA,0,54,Male
2.125,2.25,2.555555556,4,3.6,27,25,52,22,7,29,12,17,16,16,17,78,1,1,1,0,1,0,240,60,1,25,25,17,17,3,11,12,1,1,2,3,3,2,2,3,2,3,3,1,28,1,2,4,4,"1,2",5,1,10,10,35,28,2,3,3,4,3,2,3,3,1,1,20,5,300,0,36,Male
4.125,5,5,1.25,3.1,6,7,13,39,31,8,4,4,4,11,8,31,1,1,0,0,0,0,NA,NA,1,35,49,3,11,4,7,10,3,3,4,2,1,1,1,1,1,2,1,1,7,0,NA,NA,NA,NA,7,2,18,66,32,30,3,3,3,4,2,1,1,1,3,3,15,3,NA,48,70,Female
1.25,3.875,2.666666667,5,4.8,29,25,54,14,5,40,5,4,14,15,7,45,0,0,1,0,0,0,NA,390,0,7,9,18,6,5,11,3,1,1,1,3,1,1,3,1,1,1,3,1,19,0,NA,NA,NA,NA,2,2,71,8,18,40,1,4,1,2,1,4,4,1,1,1,13,1,390,63,21,Female
2.75,3.375,3.444444444,2.625,3.7,24,10,34,33,24,16,4,4,13,13,6,40,1,1,1,0,1,0,45,15,0,26,36,17,17,3,14,8,3,2,2,2,3,3,2,2,2,1,2,1,14,1,4,4,4,"1,3,4",1,3,65,0,18,42,3,3,2,5,4,5,3,5,2,1,12,2,60,65,33,Female
3.125,3.375,3.777777778,2.625,3.9,12,14,26,28,29,24,7,7,14,15,11,54,1,1,1,0,0,0,120,NA,1,33,53,15,15,4,9,8,3,3,2,2,1,1,1,2,2,2,2,1,18,1,3,3,2,"1,5",4,2,50,50,31,31,3,3,3,4,3,3,2,2,4,1,16,3,120,0,32,Male
2.625,4.125,3.333333333,3.75,3.3,29,18,47,19,14,40,12,16,14,16,16,74,0,0,1,0,0,0,130,270,1,42,47,18,18,3,3,12,1,1,1,1,1,1,1,1,1,2,2,1,16,0,NA,NA,NA,NA,3,1,80,20,27,37,2,4,4,2,4,1,1,1,1,1,12,4,400,60,27,Male
3,3.875,2.444444444,3.625,4.1,27,14,41,22,12,22,9,8,17,15,12,61,1,1,1,0,1,0,7,NA,1,27,36,13,14,6,14,9,3,2,3,2,2,2,1,1,1,2,2,1,16,1,2,1,NA,NA,2,4,75,0,25,42,1,4,3,4,2,4,3,2,1,1,8,2,7,75,40,Female
2.125,3.875,3.333333333,2.5,4.1,25,9,34,26,25,31,13,16,18,14,15,76,0,1,1,0,1,0,67,0,1,33,44,17,18,3,13,13,2,1,1,2,1,1,1,1,2,2,2,1,24,1,4,2,2,5,3,2,90,30,24,35,3,4,3,3,1,2,3,2,2,1,10,5,67,60,28,Male
2.625,3.875,4,3.375,4.2,26,12,38,28,18,25,4,4,8,8,14,38,1,1,1,1,1,0,120,0,1,25,34,15,14,5,17,9,3,2,2,2,1,1,1,2,2,2,2,2,14,1,1,1,1,3,1,4,75,0,15,46,2,4,1,5,4,4,2,3,4,1,7,2,120,75,24,Female
4.5,4,4.111111111,3.5,3.8,10,9,19,40,17,12,4,4,4,4,20,36,1,1,1,1,1,1,NA,NA,1,36,42,18,18,18,18,18,4,4,4,4,2,4,4,4,1,4,4,4,19,0,NA,NA,NA,NA,6,2,31,100,30,40,5,3,3,3,4,1,5,1,5,1,18,1,NA,69,53,Male
3.375,4.125,4.111111111,4.25,4.4,26,23,49,17,5,21,4,4,5,12,10,35,1,1,1,0,1,1,30,240,1,49,63,18,18,10,15,18,3,2,2,2,3,1,2,2,2,4,2,2,16,1,3,2,1,5,1,3,100,0,11,49,3,5,1,5,4,4,3,3,4,3,8,3,270,100,63,Female
3.125,3.875,4.222222222,1.875,3.7,9,5,14,33,29,15,5,6,7,10,10,38,0,0,1,0,1,0,165,120,1,28,40,5,15,3,9,8,3,3,2,2,2,1,2,1,1,2,2,1,9,0,NA,NA,NA,NA,1,3,100,10,10,48,3,5,2,5,3,4,1,1,4,1,5,1,285,90,41,Female
3,3.5,4.111111111,3.125,4.4,17,13,30,31,15,14,4,4,5,8,5,26,1,1,1,1,0,0,370,NA,1,34,45,3,6,7,11,11,4,4,1,2,1,1,2,1,1,2,2,2,11,1,1,1,4,1,2,4,78,0,17,38,2,3,3,4,3,3,3,2,3,3,12,1,370,78,58,Female
3.75,4.25,2.666666667,2.75,3.4,17,17,34,25,21,24,13,11,14,12,14,64,1,1,1,1,1,0,167,NA,1,30,43,13,12,13,12,14,4,4,3,2,2,2,2,2,2,2,2,2,21,1,1,1,2,3,4,2,100,0,30,36,2,3,3,4,5,2,4,3,3,4,10,4,167,100,26,Male
5,3.25,4.666666667,3.5,3.5,22,9,31,28,24,25,4,12,19,20,12,67,0,0,0,0,0,0,NA,NA,0,21,35,3,3,3,3,3,1,1,1,1,1,1,1,1,1,1,1,1,12,1,5,4,2,1,8,2,10,90,36,30,4,3,3,4,3,3,5,1,5,NA,8,4,NA,80,26,Female
3.375,4.625,4.777777778,2.125,3.8,6,5,11,34,30,11,7,7,7,7,13,41,1,1,1,1,0,0,401,230,1,43,57,15,15,15,15,15,1,4,1,2,2,1,2,2,2,2,3,2,12,0,NA,NA,NA,NA,6,4,100,39,22,43,2,3,3,4,4,2,3,2,3,2,17,1,631,61,36,Female
2.375,3.875,2.888888889,3.75,3.6,28,11,39,25,11,35,5,8,6,10,9,38,0,0,1,0,1,0,15,15,0,31,50,8,9,3,9,8,2,1,2,3,1,1,1,1,1,2,3,1,7,1,1,1,1,1,8,1,0,0,26,36,1,3,3,4,2,1,1,1,1,1,15,1,30,0,20,Male
3.625,3.375,3.222222222,3,2.7,18,11,29,34,26,16,4,6,12,14,14,50,1,1,1,0,0,0,197,60,1,34,47,15,17,3,13,8,3,3,2,2,3,3,3,2,1,3,3,1,17,1,2,3,2,1,2,3,81,0,18,37,2,5,1,3,3,3,4,2,1,1,14,2,257,81,21,Male
4.25,3.5,4.222222222,2.375,3.9,12,8,20,38,17,17,4,4,6,10,4,28,1,0,1,1,0,0,150,30,1,31,34,11,11,3,11,9,4,4,2,2,2,1,1,2,2,2,2,1,17,1,2,1,3,4,2,3,95,0,23,44,4,5,3,4,3,2,3,3,3,1,8,2,180,95,55,Male
1.875,4.125,3.777777778,4.125,3.1,26,13,39,25,21,21,6,12,15,13,4,50,1,1,1,0,0,0,195,80,1,33,45,18,15,7,14,9,4,2,2,2,2,1,2,2,2,2,2,1,26,1,1,1,2,1,2,5,91,0,14,46,2,5,1,4,4,3,3,1,1,1,6,5,275,91,NA,NA
2.875,4.375,3.333333333,3.75,3.6,17,12,29,25,17,26,8,10,15,15,8,56,0,1,1,1,1,1,270,30,1,40,40,12,15,16,15,12,3,2,2,2,2,1,2,2,1,3,2,1,22,0,NA,NA,NA,NA,4,2,0,0,25,28,2,3,3,2,4,1,1,1,1,1,16,4,300,0,20,Male
4,5,5,1,4.2,23,12,35,37,26,8,12,8,4,8,20,52,1,1,1,1,1,0,NA,NA,1,49,63,18,18,18,18,18,2,2,2,2,2,2,2,2,2,3,3,2,28,0,NA,NA,NA,NA,2,5,88,30,14,40,3,4,2,5,5,5,1,2,2,1,18,1,NA,58,35,Male
3.25,3.5,3.444444444,3,3.4,17,12,29,27,19,21,11,13,8,11,10,53,1,1,1,1,1,0,NA,NA,1,28,44,15,15,12,13,14,2,3,2,2,2,2,2,2,2,3,3,2,19,1,4,3,4,4,7,3,15,87,32,29,3,2,5,3,3,3,3,2,2,1,11,2,NA,72,29,Female
2.75,4.25,3.888888889,2,4.1,12,11,23,35,28,17,4,6,11,11,13,45,0,1,1,0,0,0,120,60,1,39,50,9,15,9,13,10,4,3,2,2,2,3,2,3,1,2,2,2,16,1,5,4,4,4,1,2,71,0,16,34,2,4,2,4,3,4,2,1,2,1,12,3,180,71,26,Male
2.875,4.875,4.888888889,2.375,4.5,15,12,27,34,27,18,11,8,7,4,16,46,1,0,0,0,0,0,340,210,1,48,63,15,16,13,18,16,4,4,4,3,3,4,4,4,4,4,4,3,24,1,3,3,1,1,7,4,0,100,34,45,2,1,5,5,4,3,3,3,3,1,9,1,550,100,36,Male
2.75,3.625,3.777777778,2.75,3.7,20,18,38,29,28,22,11,13,14,12,12,62,1,0,1,1,0,0,NA,63,1,27,39,14,10,11,12,14,3,3,3,3,3,1,2,1,2,2,3,1,19,1,3,2,1,4,4,2,80,18,33,30,3,2,4,4,4,4,3,2,3,1,11,4,63,62,32,Male